Content-Type: text/csv; charset=utf-8

typeCode,freqCode,refPeriodId,refYear,refMonth,period,reporterCode,reporterISO,reporterDesc,flowCode,flowDesc,partnerCode,partnerISO,partnerDesc,partner2Code,partner2ISO,partner2Desc,classificationCode,classificationSearchCode,isOriginalClassification,cmdCode,cmdDesc,aggrLevel,isLeaf,customsCode,customsDesc,mosCode,motCode,motDesc,qtyUnitCode,qtyUnitAbbr,qty,isQtyEstimated,altQtyUnitCode,altQtyUnitAbbr,altQty,isAltQtyEstimated,netWgt,isNetWgtEstimated,grossWgt,isGrossWgtEstimated,cifvalue,fobvalue,primaryValue,legacyEstimationFlag,isReported,isAggregate
C,A,20190101,2019,52,2019,699,IND,India,X,Export,0,W00,World,0,W00,World,H5,HS,True,TOTAL,All Commodities,0,False,C00,TOTAL CPC,0,0,TOTAL MOT,-1,N/A,0,False,-1,N/A,0,False,0,True,0,False,0,323250726424.72,323250726424.72,4,False,True
C,A,20190101,2019,52,2019,699,IND,India,X,Export,4,AFG,Afghanistan,0,W00,World,H5,HS,True,TOTAL,All Commodities,0,False,C00,TOTAL CPC,0,0,TOTAL MOT,-1,N/A,0,False,-1,N/A,0,False,0,True,0,False,0,891176372.269,891176372.269,4,False,True
C,A,20190101,2019,52,2019,699,IND,India,X,Export,8,ALB,Albania,0,W00,World,H5,HS,True,TOTAL,All Commodities,0,False,C00,TOTAL CPC,0,0,TOTAL MOT,-1,N/A,0,False,-1,N/A,0,False,0,True,0,False,0,39862900.639,39862900.639,4,False,True
C,A,20190101,2019,52,2019,699,IND,India,X,Export,10,ATA,Antarctica,0,W00,World,H5,HS,True,TOTAL,All Commodities,0,False,C00,TOTAL CPC,0,0,TOTAL MOT,-1,N/A,0,False,-1,N/A,0,False,0,False,0,False,0,21091.054,21091.054,0,False,True
C,A,20190101,2019,52,2019,699,IND,India,X,Export,12,DZA,Algeria,0,W00,World,H5,HS,True,TOTAL,All Commodities,0,False,C00,TOTAL CPC,0,0,TOTAL MOT,-1,N/A,0,False,-1,N/A,0,False,0,True,0,False,0,743638503.898,743638503.898,4,False,True
C,A,20190101,2019,52,2019,699,IND,India,X,Export,16,ASM,American Samoa,0,W00,World,H5,HS,True,TOTAL,All Commodities,0,False,C00,TOTAL CPC,0,0,TOTAL MOT,-1,N/A,0,False,-1,N/A,0,False,0,True,0,False,0,129149.311,129149.311,4,False,True
C,A,20190101,2019,52,2019,699,IND,India,X,Export,20,AND,Andorra,0,W00,World,H5,HS,True,TOTAL,All Commodities,0,False,C00,TOTAL CPC,0,0,TOTAL MOT,-1,N/A,0,False,-1,N/A,0,False,0,True,0,False,0,113649.244,113649.244,4,False,True
C,A,20190101,2019,52,2019,699,IND,India,X,Export,24,AGO,Angola,0,W00,World,H5,HS,True,TOTAL,All Commodities,0,False,C00,TOTAL CPC,0,0,TOTAL MOT,-1,N/A,0,False,-1,N/A,0,False,0,True,0,False,0,288812308.751,288812308.751,4,False,True
C,A,20190101,2019,52,2019,699,IND,India,X,Export,28,ATG,Antigua and Barbuda,0,W00,World,H5,HS,True,TOTAL,All Commodities,0,False,C00,TOTAL CPC,0,0,TOTAL MOT,-1,N/A,0,False,-1,N/A,0,False,0,True,0,False,0,2203707.306,2203707.306,4,False,True
C,A,20190101,2019,52,2019,699,IND,India,X,Export,31,AZE,Azerbaijan,0,W00,World,H5,HS,True,TOTAL,All Commodities,0,False,C00,TOTAL CPC,0,0,TOTAL MOT,-1,N/A,0,False,-1,N/A,0,False,0,True,0,False,0,54534297.339,54534297.339,4,False,True
C,A,20190101,2019,52,2019,699,IND,India,X,Export,32,ARG,Argentina,0,W00,World,H5,HS,True,TOTAL,All Commodities,0,False,C00,TOTAL CPC,0,0,TOTAL MOT,-1,N/A,0,False,-1,N/A,0,False,0,True,0,False,0,633884224.014,633884224.014,4,False,True
C,A,20190101,2019,52,2019,699,IND,India,X,Export,36,AUS,Australia,0,W00,World,H5,HS,True,TOTAL,All Commodities,0,False,C00,TOTAL CPC,0,0,TOTAL MOT,-1,N/A,0,False,-1,N/A,0,False,0,True,0,False,0,2973868322.828,2973868322.828,4,False,True
C,A,20190101,2019,52,2019,699,IND,India,X,Export,40,AUT,Austria,0,W00,World,H5,HS,True,TOTAL,All Commodities,0,False,C00,TOTAL CPC,0,0,TOTAL MOT,-1,N/A,0,False,-1,N/A,0,False,0,True,0,False,0,459878675.181,459878675.181,4,False,True
C,A,20190101,2019,52,2019,699,IND,India,X,Export,44,BHS,Bahamas,0,W00,World,H5,HS,True,TOTAL,All Commodities,0,False,C00,TOTAL CPC,0,0,TOTAL MOT,-1,N/A,0,False,-1,N/A,0,False,0,True,0,False,0,8442807.508,8442807.508,4,False,True
C,A,20190101,2019,52,2019,699,IND,India,X,Export,48,BHR,Bahrain,0,W00,World,H5,HS,True,TOTAL,All Commodities,0,False,C00,TOTAL CPC,0,0,TOTAL MOT,-1,N/A,0,False,-1,N/A,0,False,0,True,0,False,0,607945537.48,607945537.48,4,False,True
C,A,20190101,2019,52,2019,699,IND,India,X,Export,50,BGD,Bangladesh,0,W00,World,H5,HS,True,TOTAL,All Commodities,0,False,C00,TOTAL CPC,0,0,TOTAL MOT,-1,N/A,0,False,-1,N/A,0,False,0,True,0,False,0,8242923366.689,8242923366.689,4,False,True
C,A,20190101,2019,52,2019,699,IND,India,X,Export,51,ARM,Armenia,0,W00,World,H5,HS,True,TOTAL,All Commodities,0,False,C00,TOTAL CPC,0,0,TOTAL MOT,-1,N/A,0,False,-1,N/A,0,False,0,True,0,False,0,37979661.144,37979661.144,4,False,True
C,A,20190101,2019,52,2019,699,IND,India,X,Export,52,BRB,Barbados,0,W00,World,H5,HS,True,TOTAL,All Commodities,0,False,C00,TOTAL CPC,0,0,TOTAL MOT,-1,N/A,0,False,-1,N/A,0,False,0,True,0,False,0,13256522.451,13256522.451,4,False,True
C,A,20190101,2019,52,2019,699,IND,India,X,Export,56,BEL,Belgium,0,W00,World,H5,HS,True,TOTAL,All Commodities,0,False,C00,TOTAL CPC,0,0,TOTAL MOT,-1,N/A,0,False,-1,N/A,0,False,0,True,0,False,0,6184548447.247,6184548447.247,4,False,True
C,A,20190101,2019,52,2019,699,IND,India,X,Export,60,BMU,Bermuda,0,W00,World,H5,HS,True,TOTAL,All Commodities,0,False,C00,TOTAL CPC,0,0,TOTAL MOT,-1,N/A,0,False,-1,N/A,0,False,0,True,0,False,0,2453717.083,2453717.083,4,False,True
C,A,20190101,2019,52,2019,699,IND,India,X,Export,64,BTN,Bhutan,0,W00,World,H5,HS,True,TOTAL,All Commodities,0,False,C00,TOTAL CPC,0,0,TOTAL MOT,-1,N/A,0,False,-1,N/A,0,False,0,True,0,False,0,694305443.242,694305443.242,4,False,True
C,A,20190101,2019,52,2019,699,IND,India,X,Export,68,BOL,Bolivia (Plurinational State of),0,W00,World,H5,HS,True,TOTAL,All Commodities,0,False,C00,TOTAL CPC,0,0,TOTAL MOT,-1,N/A,0,False,-1,N/A,0,False,0,True,0,False,0,121006297.945,121006297.945,4,False,True
C,A,20190101,2019,52,2019,699,IND,India,X,Export,70,BIH,Bosnia Herzegovina,0,W00,World,H5,HS,True,TOTAL,All Commodities,0,False,C00,TOTAL CPC,0,0,TOTAL MOT,-1,N/A,0,False,-1,N/A,0,False,0,True,0,False,0,15847604.963,15847604.963,4,False,True
C,A,20190101,2019,52,2019,699,IND,India,X,Export,72,BWA,Botswana,0,W00,World,H5,HS,True,TOTAL,All Commodities,0,False,C00,TOTAL CPC,0,0,TOTAL MOT,-1,N/A,0,False,-1,N/A,0,False,0,True,0,False,0,196404993.715,196404993.715,4,False,True
C,A,20190101,2019,52,2019,699,IND,India,X,Export,76,BRA,Brazil,0,W00,World,H5,HS,True,TOTAL,All Commodities,0,False,C00,TOTAL CPC,0,0,TOTAL MOT,-1,N/A,0,False,-1,N/A,0,False,0,True,0,False,0,4113988054.297,4113988054.297,4,False,True
C,A,20190101,2019,52,2019,699,IND,India,X,Export,84,BLZ,Belize,0,W00,World,H5,HS,True,TOTAL,All Commodities,0,False,C00,TOTAL CPC,0,0,TOTAL MOT,-1,N/A,0,False,-1,N/A,0,False,0,True,0,False,0,16298162.991,16298162.991,4,False,True
C,A,20190101,2019,52,2019,699,IND,India,X,Export,90,SLB,Solomon Isds,0,W00,World,H5,HS,True,TOTAL,All Commodities,0,False,C00,TOTAL CPC,0,0,TOTAL MOT,-1,N/A,0,False,-1,N/A,0,False,0,True,0,False,0,2978741.112,2978741.112,4,False,True
C,A,20190101,2019,52,2019,699,IND,India,X,Export,92,VGB,Br. Virgin Isds,0,W00,World,H5,HS,True,TOTAL,All Commodities,0,False,C00,TOTAL CPC,0,0,TOTAL MOT,-1,N/A,0,False,-1,N/A,0,False,0,True,0,False,0,380769.834,380769.834,4,False,True
C,A,20190101,2019,52,2019,699,IND,India,X,Export,96,BRN,Brunei Darussalam,0,W00,World,H5,HS,True,TOTAL,All Commodities,0,False,C00,TOTAL CPC,0,0,TOTAL MOT,-1,N/A,0,False,-1,N/A,0,False,0,True,0,False,0,56810177.403,56810177.403,4,False,True
C,A,20190101,2019,52,2019,699,IND,India,X,Export,100,BGR,Bulgaria,0,W00,World,H5,HS,True,TOTAL,All Commodities,0,False,C00,TOTAL CPC,0,0,TOTAL MOT,-1,N/A,0,False,-1,N/A,0,False,0,True,0,False,0,165574750.227,165574750.227,4,False,True
C,A,20190101,2019,52,2019,699,IND,India,X,Export,104,MMR,Myanmar,0,W00,World,H5,HS,True,TOTAL,All Commodities,0,False,C00,TOTAL CPC,0,0,TOTAL MOT,-1,N/A,0,False,-1,N/A,0,False,0,True,0,False,0,956900515.78,956900515.78,4,False,True
C,A,20190101,2019,52,2019,699,IND,India,X,Export,108,BDI,Burundi,0,W00,World,H5,HS,True,TOTAL,All Commodities,0,False,C00,TOTAL CPC,0,0,TOTAL MOT,-1,N/A,0,False,-1,N/A,0,False,0,True,0,False,0,56704752.147,56704752.147,4,False,True
C,A,20190101,2019,52,2019,699,IND,India,X,Export,112,BLR,Belarus,0,W00,World,H5,HS,True,TOTAL,All Commodities,0,False,C00,TOTAL CPC,0,0,TOTAL MOT,-1,N/A,0,False,-1,N/A,0,False,0,True,0,False,0,56036089.317,56036089.317,4,False,True
C,A,20190101,2019,52,2019,699,IND,India,X,Export,116,KHM,Cambodia,0,W00,World,H5,HS,True,TOTAL,All Commodities,0,False,C00,TOTAL CPC,0,0,TOTAL MOT,-1,N/A,0,False,-1,N/A,0,False,0,True,0,False,0,204000010.186,204000010.186,4,False,True
C,A,20190101,2019,52,2019,699,IND,India,X,Export,120,CMR,Cameroon,0,W00,World,H5,HS,True,TOTAL,All Commodities,0,False,C00,TOTAL CPC,0,0,TOTAL MOT,-1,N/A,0,False,-1,N/A,0,False,0,True,0,False,0,216383348.162,216383348.162,4,False,True
C,A,20190101,2019,52,2019,699,IND,India,X,Export,124,CAN,Canada,0,W00,World,H5,HS,True,TOTAL,All Commodities,0,False,C00,TOTAL CPC,0,0,TOTAL MOT,-1,N/A,0,False,-1,N/A,0,False,0,True,0,False,0,2901550265.457,2901550265.457,4,False,True
C,A,20190101,2019,52,2019,699,IND,India,X,Export,132,CPV,Cabo Verde,0,W00,World,H5,HS,True,TOTAL,All Commodities,0,False,C00,TOTAL CPC,0,0,TOTAL MOT,-1,N/A,0,False,-1,N/A,0,False,0,True,0,False,0,2190969.074,2190969.074,4,False,True
C,A,20190101,2019,52,2019,699,IND,India,X,Export,136,CYM,Cayman Isds,0,W00,World,H5,HS,True,TOTAL,All Commodities,0,False,C00,TOTAL CPC,0,0,TOTAL MOT,-1,N/A,0,False,-1,N/A,0,False,0,True,0,False,0,5495814.254,5495814.254,4,False,True
C,A,20190101,2019,52,2019,699,IND,India,X,Export,140,CAF,Central African Rep.,0,W00,World,H5,HS,True,TOTAL,All Commodities,0,False,C00,TOTAL CPC,0,0,TOTAL MOT,-1,N/A,0,False,-1,N/A,0,False,0,True,0,False,0,54981758.404,54981758.404,4,False,True
C,A,20190101,2019,52,2019,699,IND,India,X,Export,144,LKA,Sri Lanka,0,W00,World,H5,HS,True,TOTAL,All Commodities,0,False,C00,TOTAL CPC,0,0,TOTAL MOT,-1,N/A,0,False,-1,N/A,0,False,0,True,0,False,0,4226735125.764,4226735125.764,4,False,True
C,A,20190101,2019,52,2019,699,IND,India,X,Export,148,TCD,Chad,0,W00,World,H5,HS,True,TOTAL,All Commodities,0,False,C00,TOTAL CPC,0,0,TOTAL MOT,-1,N/A,0,False,-1,N/A,0,False,0,True,0,False,0,52395842.321,52395842.321,4,False,True
C,A,20190101,2019,52,2019,699,IND,India,X,Export,152,CHL,Chile,0,W00,World,H5,HS,True,TOTAL,All Commodities,0,False,C00,TOTAL CPC,0,0,TOTAL MOT,-1,N/A,0,False,-1,N/A,0,False,0,True,0,False,0,875393747.307,875393747.307,4,False,True
C,A,20190101,2019,52,2019,699,IND,India,X,Export,156,CHN,China,0,W00,World,H5,HS,True,TOTAL,All Commodities,0,False,C00,TOTAL CPC,0,0,TOTAL MOT,-1,N/A,0,False,-1,N/A,0,False,0,True,0,False,0,17278832680.049,17278832680.049,4,False,True
C,A,20190101,2019,52,2019,699,IND,India,X,Export,162,CXR,Christmas Isds,0,W00,World,H5,HS,True,TOTAL,All Commodities,0,False,C00,TOTAL CPC,0,0,TOTAL MOT,-1,N/A,0,False,-1,N/A,0,False,0,True,0,False,0,4000.581,4000.581,4,False,True
C,A,20190101,2019,52,2019,699,IND,India,X,Export,170,COL,Colombia,0,W00,World,H5,HS,True,TOTAL,All Commodities,0,False,C00,TOTAL CPC,0,0,TOTAL MOT,-1,N/A,0,False,-1,N/A,0,False,0,True,0,False,0,1037460623.559,1037460623.559,4,False,True
C,A,20190101,2019,52,2019,699,IND,India,X,Export,174,COM,Comoros,0,W00,World,H5,HS,True,TOTAL,All Commodities,0,False,C00,TOTAL CPC,0,0,TOTAL MOT,-1,N/A,0,False,-1,N/A,0,False,0,True,0,False,0,19396561.037,19396561.037,4,False,True
C,A,20190101,2019,52,2019,699,IND,India,X,Export,178,COG,Congo,0,W00,World,H5,HS,True,TOTAL,All Commodities,0,False,C00,TOTAL CPC,0,0,TOTAL MOT,-1,N/A,0,False,-1,N/A,0,False,0,True,0,False,0,113766585.413,113766585.413,4,False,True
C,A,20190101,2019,52,2019,699,IND,India,X,Export,180,COD,Dem. Rep. of the Congo,0,W00,World,H5,HS,True,TOTAL,All Commodities,0,False,C00,TOTAL CPC,0,0,TOTAL MOT,-1,N/A,0,False,-1,N/A,0,False,0,True,0,False,0,356344077.932,356344077.932,4,False,True
C,A,20190101,2019,52,2019,699,IND,India,X,Export,184,COK,Cook Isds,0,W00,World,H5,HS,True,TOTAL,All Commodities,0,False,C00,TOTAL CPC,0,0,TOTAL MOT,-1,N/A,0,False,-1,N/A,0,False,0,True,0,False,0,319678.411,319678.411,4,False,True
C,A,20190101,2019,52,2019,699,IND,India,X,Export,188,CRI,Costa Rica,0,W00,World,H5,HS,True,TOTAL,All Commodities,0,False,C00,TOTAL CPC,0,0,TOTAL MOT,-1,N/A,0,False,-1,N/A,0,False,0,True,0,False,0,131400683.8,131400683.8,4,False,True
C,A,20190101,2019,52,2019,699,IND,India,X,Export,191,HRV,Croatia,0,W00,World,H5,HS,True,TOTAL,All Commodities,0,False,C00,TOTAL CPC,0,0,TOTAL MOT,-1,N/A,0,False,-1,N/A,0,False,0,True,0,False,0,144916360.239,144916360.239,4,False,True
C,A,20190101,2019,52,2019,699,IND,India,X,Export,192,CUB,Cuba,0,W00,World,H5,HS,True,TOTAL,All Commodities,0,False,C00,TOTAL CPC,0,0,TOTAL MOT,-1,N/A,0,False,-1,N/A,0,False,0,True,0,False,0,51426601.204,51426601.204,4,False,True
C,A,20190101,2019,52,2019,699,IND,India,X,Export,196,CYP,Cyprus,0,W00,World,H5,HS,True,TOTAL,All Commodities,0,False,C00,TOTAL CPC,0,0,TOTAL MOT,-1,N/A,0,False,-1,N/A,0,False,0,True,0,False,0,441142810.939,441142810.939,4,False,True
C,A,20190101,2019,52,2019,699,IND,India,X,Export,203,CZE,Czechia,0,W00,World,H5,HS,True,TOTAL,All Commodities,0,False,C00,TOTAL CPC,0,0,TOTAL MOT,-1,N/A,0,False,-1,N/A,0,False,0,True,0,False,0,467418320.646,467418320.646,4,False,True
C,A,20190101,2019,52,2019,699,IND,India,X,Export,204,BEN,Benin,0,W00,World,H5,HS,True,TOTAL,All Commodities,0,False,C00,TOTAL CPC,0,0,TOTAL MOT,-1,N/A,0,False,-1,N/A,0,False,0,True,0,False,0,418363801.716,418363801.716,4,False,True
C,A,20190101,2019,52,2019,699,IND,India,X,Export,208,DNK,Denmark,0,W00,World,H5,HS,True,TOTAL,All Commodities,0,False,C00,TOTAL CPC,0,0,TOTAL MOT,-1,N/A,0,False,-1,N/A,0,False,0,True,0,False,0,752192483.869,752192483.869,4,False,True
C,A,20190101,2019,52,2019,699,IND,India,X,Export,212,DMA,Dominica,0,W00,World,H5,HS,True,TOTAL,All Commodities,0,False,C00,TOTAL CPC,0,0,TOTAL MOT,-1,N/A,0,False,-1,N/A,0,False,0,True,0,False,0,2329745.592,2329745.592,4,False,True
C,A,20190101,2019,52,2019,699,IND,India,X,Export,214,DOM,Dominican Rep.,0,W00,World,H5,HS,True,TOTAL,All Commodities,0,False,C00,TOTAL CPC,0,0,TOTAL MOT,-1,N/A,0,False,-1,N/A,0,False,0,True,0,False,0,222985639.148,222985639.148,4,False,True
C,A,20190101,2019,52,2019,699,IND,India,X,Export,218,ECU,Ecuador,0,W00,World,H5,HS,True,TOTAL,All Commodities,0,False,C00,TOTAL CPC,0,0,TOTAL MOT,-1,N/A,0,False,-1,N/A,0,False,0,True,0,False,0,259267842.189,259267842.189,4,False,True
C,A,20190101,2019,52,2019,699,IND,India,X,Export,222,SLV,El Salvador,0,W00,World,H5,HS,True,TOTAL,All Commodities,0,False,C00,TOTAL CPC,0,0,TOTAL MOT,-1,N/A,0,False,-1,N/A,0,False,0,True,0,False,0,78424748.743,78424748.743,4,False,True
C,A,20190101,2019,52,2019,699,IND,India,X,Export,226,GNQ,Equatorial Guinea,0,W00,World,H5,HS,True,TOTAL,All Commodities,0,False,C00,TOTAL CPC,0,0,TOTAL MOT,-1,N/A,0,False,-1,N/A,0,False,0,True,0,False,0,10075303.322,10075303.322,4,False,True
C,A,20190101,2019,52,2019,699,IND,India,X,Export,231,ETH,Ethiopia,0,W00,World,H5,HS,True,TOTAL,All Commodities,0,False,C00,TOTAL CPC,0,0,TOTAL MOT,-1,N/A,0,False,-1,N/A,0,False,0,True,0,False,0,822418267.676,822418267.676,4,False,True
C,A,20190101,2019,52,2019,699,IND,India,X,Export,232,ERI,Eritrea,0,W00,World,H5,HS,True,TOTAL,All Commodities,0,False,C00,TOTAL CPC,0,0,TOTAL MOT,-1,N/A,0,False,-1,N/A,0,False,0,True,0,False,0,5809020.432,5809020.432,4,False,True
C,A,20190101,2019,52,2019,699,IND,India,X,Export,233,EST,Estonia,0,W00,World,H5,HS,True,TOTAL,All Commodities,0,False,C00,TOTAL CPC,0,0,TOTAL MOT,-1,N/A,0,False,-1,N/A,0,False,0,True,0,False,0,71822147.943,71822147.943,4,False,True
C,A,20190101,2019,52,2019,699,IND,India,X,Export,234,FRO,Faroe Isds,0,W00,World,H5,HS,True,TOTAL,All Commodities,0,False,C00,TOTAL CPC,0,0,TOTAL MOT,-1,N/A,0,False,-1,N/A,0,False,0,True,0,False,0,1904419.057,1904419.057,4,False,True
C,A,20190101,2019,52,2019,699,IND,India,X,Export,238,FLK,Falkland Isds (Malvinas),0,W00,World,H5,HS,True,TOTAL,All Commodities,0,False,C00,TOTAL CPC,0,0,TOTAL MOT,-1,N/A,0,False,-1,N/A,0,False,0,False,0,False,0,79879.731,79879.731,0,False,True
C,A,20190101,2019,52,2019,699,IND,India,X,Export,242,FJI,Fiji,0,W00,World,H5,HS,True,TOTAL,All Commodities,0,False,C00,TOTAL CPC,0,0,TOTAL MOT,-1,N/A,0,False,-1,N/A,0,False,0,True,0,False,0,57544620.359,57544620.359,4,False,True
C,A,20190101,2019,52,2019,699,IND,India,X,Export,246,FIN,Finland,0,W00,World,H5,HS,True,TOTAL,All Commodities,0,False,C00,TOTAL CPC,0,0,TOTAL MOT,-1,N/A,0,False,-1,N/A,0,False,0,True,0,False,0,267097723.468,267097723.468,4,False,True
C,A,20190101,2019,52,2019,699,IND,India,X,Export,251,FRA,France,0,W00,World,H5,HS,True,TOTAL,All Commodities,0,False,C00,TOTAL CPC,0,0,TOTAL MOT,-1,N/A,0,False,-1,N/A,0,False,0,True,0,False,0,5434291329.387,5434291329.387,4,False,True
C,A,20190101,2019,52,2019,699,IND,India,X,Export,258,PYF,French Polynesia,0,W00,World,H5,HS,True,TOTAL,All Commodities,0,False,C00,TOTAL CPC,0,0,TOTAL MOT,-1,N/A,0,False,-1,N/A,0,False,0,True,0,False,0,5269546.97,5269546.97,4,False,True
C,A,20190101,2019,52,2019,699,IND,India,X,Export,262,DJI,Djibouti,0,W00,World,H5,HS,True,TOTAL,All Commodities,0,False,C00,TOTAL CPC,0,0,TOTAL MOT,-1,N/A,0,False,-1,N/A,0,False,0,True,0,False,0,357249396.088,357249396.088,4,False,True
C,A,20190101,2019,52,2019,699,IND,India,X,Export,266,GAB,Gabon,0,W00,World,H5,HS,True,TOTAL,All Commodities,0,False,C00,TOTAL CPC,0,0,TOTAL MOT,-1,N/A,0,False,-1,N/A,0,False,0,True,0,False,0,49649801.308,49649801.308,4,False,True
C,A,20190101,2019,52,2019,699,IND,India,X,Export,268,GEO,Georgia,0,W00,World,H5,HS,True,TOTAL,All Commodities,0,False,C00,TOTAL CPC,0,0,TOTAL MOT,-1,N/A,0,False,-1,N/A,0,False,0,True,0,False,0,89768566.19,89768566.19,4,False,True
C,A,20190101,2019,52,2019,699,IND,India,X,Export,270,GMB,Gambia,0,W00,World,H5,HS,True,TOTAL,All Commodities,0,False,C00,TOTAL CPC,0,0,TOTAL MOT,-1,N/A,0,False,-1,N/A,0,False,0,True,0,False,0,145456622.845,145456622.845,4,False,True
C,A,20190101,2019,52,2019,699,IND,India,X,Export,275,PSE,State of Palestine,0,W00,World,H5,HS,True,TOTAL,All Commodities,0,False,C00,TOTAL CPC,0,0,TOTAL MOT,-1,N/A,0,False,-1,N/A,0,False,0,True,0,False,0,1301165.233,1301165.233,4,False,True
C,A,20190101,2019,52,2019,699,IND,India,X,Export,276,DEU,Germany,0,W00,World,H5,HS,True,TOTAL,All Commodities,0,False,C00,TOTAL CPC,0,0,TOTAL MOT,-1,N/A,0,False,-1,N/A,0,False,0,True,0,False,0,8569824588.857,8569824588.857,4,False,True
C,A,20190101,2019,52,2019,699,IND,India,X,Export,288,GHA,Ghana,0,W00,World,H5,HS,True,TOTAL,All Commodities,0,False,C00,TOTAL CPC,0,0,TOTAL MOT,-1,N/A,0,False,-1,N/A,0,False,0,True,0,False,0,602579176.826,602579176.826,4,False,True
C,A,20190101,2019,52,2019,699,IND,India,X,Export,292,GIB,Gibraltar,0,W00,World,H5,HS,True,TOTAL,All Commodities,0,False,C00,TOTAL CPC,0,0,TOTAL MOT,-1,N/A,0,False,-1,N/A,0,False,0,True,0,False,0,973974588.015,973974588.015,4,False,True
C,A,20190101,2019,52,2019,699,IND,India,X,Export,296,KIR,Kiribati,0,W00,World,H5,HS,True,TOTAL,All Commodities,0,False,C00,TOTAL CPC,0,0,TOTAL MOT,-1,N/A,0,False,-1,N/A,0,False,0,True,0,False,0,413876.211,413876.211,4,False,True
C,A,20190101,2019,52,2019,699,IND,India,X,Export,300,GRC,Greece,0,W00,World,H5,HS,True,TOTAL,All Commodities,0,False,C00,TOTAL CPC,0,0,TOTAL MOT,-1,N/A,0,False,-1,N/A,0,False,0,True,0,False,0,451996620.143,451996620.143,4,False,True
C,A,20190101,2019,52,2019,699,IND,India,X,Export,304,GRL,Greenland,0,W00,World,H5,HS,True,TOTAL,All Commodities,0,False,C00,TOTAL CPC,0,0,TOTAL MOT,-1,N/A,0,False,-1,N/A,0,False,0,True,0,False,0,29998.675,29998.675,4,False,True
C,A,20190101,2019,52,2019,699,IND,India,X,Export,308,GRD,Grenada,0,W00,World,H5,HS,True,TOTAL,All Commodities,0,False,C00,TOTAL CPC,0,0,TOTAL MOT,-1,N/A,0,False,-1,N/A,0,False,0,True,0,False,0,3373595.608,3373595.608,4,False,True
C,A,20190101,2019,52,2019,699,IND,India,X,Export,316,GUM,Guam,0,W00,World,H5,HS,True,TOTAL,All Commodities,0,False,C00,TOTAL CPC,0,0,TOTAL MOT,-1,N/A,0,False,-1,N/A,0,False,0,True,0,False,0,886908.1,886908.1,4,False,True
C,A,20190101,2019,52,2019,699,IND,India,X,Export,320,GTM,Guatemala,0,W00,World,H5,HS,True,TOTAL,All Commodities,0,False,C00,TOTAL CPC,0,0,TOTAL MOT,-1,N/A,0,False,-1,N/A,0,False,0,True,0,False,0,290790148.288,290790148.288,4,False,True
C,A,20190101,2019,52,2019,699,IND,India,X,Export,324,GIN,Guinea,0,W00,World,H5,HS,True,TOTAL,All Commodities,0,False,C00,TOTAL CPC,0,0,TOTAL MOT,-1,N/A,0,False,-1,N/A,0,False,0,True,0,False,0,351480206.822,351480206.822,4,False,True
C,A,20190101,2019,52,2019,699,IND,India,X,Export,328,GUY,Guyana,0,W00,World,H5,HS,True,TOTAL,All Commodities,0,False,C00,TOTAL CPC,0,0,TOTAL MOT,-1,N/A,0,False,-1,N/A,0,False,0,True,0,False,0,25018996.502,25018996.502,4,False,True
C,A,20190101,2019,52,2019,699,IND,India,X,Export,332,HTI,Haiti,0,W00,World,H5,HS,True,TOTAL,All Commodities,0,False,C00,TOTAL CPC,0,0,TOTAL MOT,-1,N/A,0,False,-1,N/A,0,False,0,True,0,False,0,67423085.316,67423085.316,4,False,True
C,A,20190101,2019,52,2019,699,IND,India,X,Export,336,VAT,Holy See (Vatican City State),0,W00,World,H5,HS,True,TOTAL,All Commodities,0,False,C00,TOTAL CPC,0,0,TOTAL MOT,-1,N/A,0,False,-1,N/A,0,False,0,True,0,False,0,36294.276,36294.276,4,False,True
C,A,20190101,2019,52,2019,699,IND,India,X,Export,340,HND,Honduras,0,W00,World,H5,HS,True,TOTAL,All Commodities,0,False,C00,TOTAL CPC,0,0,TOTAL MOT,-1,N/A,0,False,-1,N/A,0,False,0,True,0,False,0,186366855.702,186366855.702,4,False,True
C,A,20190101,2019,52,2019,699,IND,India,X,Export,344,HKG,"China, Hong Kong SAR",0,W00,World,H5,HS,True,TOTAL,All Commodities,0,False,C00,TOTAL CPC,0,0,TOTAL MOT,-1,N/A,0,False,-1,N/A,0,False,0,True,0,False,0,11478401247.024,11478401247.024,4,False,True
C,A,20190101,2019,52,2019,699,IND,India,X,Export,348,HUN,Hungary,0,W00,World,H5,HS,True,TOTAL,All Commodities,0,False,C00,TOTAL CPC,0,0,TOTAL MOT,-1,N/A,0,False,-1,N/A,0,False,0,True,0,False,0,443111502.316,443111502.316,4,False,True
C,A,20190101,2019,52,2019,699,IND,India,X,Export,352,ISL,Iceland,0,W00,World,H5,HS,True,TOTAL,All Commodities,0,False,C00,TOTAL CPC,0,0,TOTAL MOT,-1,N/A,0,False,-1,N/A,0,False,0,True,0,False,0,19188298.81,19188298.81,4,False,True
C,A,20190101,2019,52,2019,699,IND,India,X,Export,360,IDN,Indonesia,0,W00,World,H5,HS,True,TOTAL,All Commodities,0,False,C00,TOTAL CPC,0,0,TOTAL MOT,-1,N/A,0,False,-1,N/A,0,False,0,True,0,False,0,4515383359.261,4515383359.261,4,False,True
C,A,20190101,2019,52,2019,699,IND,India,X,Export,364,IRN,Iran,0,W00,World,H5,HS,True,TOTAL,All Commodities,0,False,C00,TOTAL CPC,0,0,TOTAL MOT,-1,N/A,0,False,-1,N/A,0,False,0,True,0,False,0,3855008082.674,3855008082.674,4,False,True
C,A,20190101,2019,52,2019,699,IND,India,X,Export,368,IRQ,Iraq,0,W00,World,H5,HS,True,TOTAL,All Commodities,0,False,C00,TOTAL CPC,0,0,TOTAL MOT,-1,N/A,0,False,-1,N/A,0,False,0,True,0,False,0,2019034380.571,2019034380.571,4,False,True
C,A,20190101,2019,52,2019,699,IND,India,X,Export,372,IRL,Ireland,0,W00,World,H5,HS,True,TOTAL,All Commodities,0,False,C00,TOTAL CPC,0,0,TOTAL MOT,-1,N/A,0,False,-1,N/A,0,False,0,True,0,False,0,547112659.462,547112659.462,4,False,True
C,A,20190101,2019,52,2019,699,IND,India,X,Export,376,ISR,Israel,0,W00,World,H5,HS,True,TOTAL,All Commodities,0,False,C00,TOTAL CPC,0,0,TOTAL MOT,-1,N/A,0,False,-1,N/A,0,False,0,True,0,False,0,3608901786.844,3608901786.844,4,False,True
C,A,20190101,2019,52,2019,699,IND,India,X,Export,380,ITA,Italy,0,W00,World,H5,HS,True,TOTAL,All Commodities,0,False,C00,TOTAL CPC,0,0,TOTAL MOT,-1,N/A,0,False,-1,N/A,0,False,0,True,0,False,0,5189870936.193,5189870936.193,4,False,True
C,A,20190101,2019,52,2019,699,IND,India,X,Export,384,CIV,Côte d'Ivoire,0,W00,World,H5,HS,True,TOTAL,All Commodities,0,False,C00,TOTAL CPC,0,0,TOTAL MOT,-1,N/A,0,False,-1,N/A,0,False,0,True,0,False,0,428584986.812,428584986.812,4,False,True
C,A,20190101,2019,52,2019,699,IND,India,X,Export,388,JAM,Jamaica,0,W00,World,H5,HS,True,TOTAL,All Commodities,0,False,C00,TOTAL CPC,0,0,TOTAL MOT,-1,N/A,0,False,-1,N/A,0,False,0,True,0,False,0,56613676.266,56613676.266,4,False,True
C,A,20190101,2019,52,2019,699,IND,India,X,Export,392,JPN,Japan,0,W00,World,H5,HS,True,TOTAL,All Commodities,0,False,C00,TOTAL CPC,0,0,TOTAL MOT,-1,N/A,0,False,-1,N/A,0,False,0,True,0,False,0,4815593351.37,4815593351.37,4,False,True
C,A,20190101,2019,52,2019,699,IND,India,X,Export,398,KAZ,Kazakhstan,0,W00,World,H5,HS,True,TOTAL,All Commodities,0,False,C00,TOTAL CPC,0,0,TOTAL MOT,-1,N/A,0,False,-1,N/A,0,False,0,True,0,False,0,193684391.41,193684391.41,4,False,True
C,A,20190101,2019,52,2019,699,IND,India,X,Export,400,JOR,Jordan,0,W00,World,H5,HS,True,TOTAL,All Commodities,0,False,C00,TOTAL CPC,0,0,TOTAL MOT,-1,N/A,0,False,-1,N/A,0,False,0,True,0,False,0,1053858538.036,1053858538.036,4,False,True
C,A,20190101,2019,52,2019,699,IND,India,X,Export,404,KEN,Kenya,0,W00,World,H5,HS,True,TOTAL,All Commodities,0,False,C00,TOTAL CPC,0,0,TOTAL MOT,-1,N/A,0,False,-1,N/A,0,False,0,True,0,False,0,1931188973.066,1931188973.066,4,False,True
C,A,20190101,2019,52,2019,699,IND,India,X,Export,408,PRK,Dem. People's Rep. of Korea,0,W00,World,H5,HS,True,TOTAL,All Commodities,0,False,C00,TOTAL CPC,0,0,TOTAL MOT,-1,N/A,0,False,-1,N/A,0,False,0,True,0,False,0,10428780.948,10428780.948,4,False,True
C,A,20190101,2019,52,2019,699,IND,India,X,Export,410,KOR,Rep. of Korea,0,W00,World,H5,HS,True,TOTAL,All Commodities,0,False,C00,TOTAL CPC,0,0,TOTAL MOT,-1,N/A,0,False,-1,N/A,0,False,0,True,0,False,0,4653980478.417,4653980478.417,4,False,True
C,A,20190101,2019,52,2019,699,IND,India,X,Export,414,KWT,Kuwait,0,W00,World,H5,HS,True,TOTAL,All Commodities,0,False,C00,TOTAL CPC,0,0,TOTAL MOT,-1,N/A,0,False,-1,N/A,0,False,0,True,0,False,0,1340163121.236,1340163121.236,4,False,True
C,A,20190101,2019,52,2019,699,IND,India,X,Export,417,KGZ,Kyrgyzstan,0,W00,World,H5,HS,True,TOTAL,All Commodities,0,False,C00,TOTAL CPC,0,0,TOTAL MOT,-1,N/A,0,False,-1,N/A,0,False,0,True,0,False,0,29112413.617,29112413.617,4,False,True
C,A,20190101,2019,52,2019,699,IND,India,X,Export,418,LAO,Lao People's Dem. Rep.,0,W00,World,H5,HS,True,TOTAL,All Commodities,0,False,C00,TOTAL CPC,0,0,TOTAL MOT,-1,N/A,0,False,-1,N/A,0,False,0,True,0,False,0,29285132.815,29285132.815,4,False,True
C,A,20190101,2019,52,2019,699,IND,India,X,Export,422,LBN,Lebanon,0,W00,World,H5,HS,True,TOTAL,All Commodities,0,False,C00,TOTAL CPC,0,0,TOTAL MOT,-1,N/A,0,False,-1,N/A,0,False,0,True,0,False,0,226213248.707,226213248.707,4,False,True
C,A,20190101,2019,52,2019,699,IND,India,X,Export,426,LSO,Lesotho,0,W00,World,H5,HS,True,TOTAL,All Commodities,0,False,C00,TOTAL CPC,0,0,TOTAL MOT,-1,N/A,0,False,-1,N/A,0,False,0,True,0,False,0,41609334.417,41609334.417,4,False,True
C,A,20190101,2019,52,2019,699,IND,India,X,Export,428,LVA,Latvia,0,W00,World,H5,HS,True,TOTAL,All Commodities,0,False,C00,TOTAL CPC,0,0,TOTAL MOT,-1,N/A,0,False,-1,N/A,0,False,0,True,0,False,0,123820775.338,123820775.338,4,False,True
C,A,20190101,2019,52,2019,699,IND,India,X,Export,430,LBR,Liberia,0,W00,World,H5,HS,True,TOTAL,All Commodities,0,False,C00,TOTAL CPC,0,0,TOTAL MOT,-1,N/A,0,False,-1,N/A,0,False,0,True,0,False,0,222792303.34,222792303.34,4,False,True
C,A,20190101,2019,52,2019,699,IND,India,X,Export,434,LBY,Libya,0,W00,World,H5,HS,True,TOTAL,All Commodities,0,False,C00,TOTAL CPC,0,0,TOTAL MOT,-1,N/A,0,False,-1,N/A,0,False,0,True,0,False,0,199394665.452,199394665.452,4,False,True
C,A,20190101,2019,52,2019,699,IND,India,X,Export,440,LTU,Lithuania,0,W00,World,H5,HS,True,TOTAL,All Commodities,0,False,C00,TOTAL CPC,0,0,TOTAL MOT,-1,N/A,0,False,-1,N/A,0,False,0,True,0,False,0,118164462.079,118164462.079,4,False,True
C,A,20190101,2019,52,2019,699,IND,India,X,Export,442,LUX,Luxembourg,0,W00,World,H5,HS,True,TOTAL,All Commodities,0,False,C00,TOTAL CPC,0,0,TOTAL MOT,-1,N/A,0,False,-1,N/A,0,False,0,True,0,False,0,36341458.236,36341458.236,4,False,True
C,A,20190101,2019,52,2019,699,IND,India,X,Export,446,MAC,"China, Macao SAR",0,W00,World,H5,HS,True,TOTAL,All Commodities,0,False,C00,TOTAL CPC,0,0,TOTAL MOT,-1,N/A,0,False,-1,N/A,0,False,0,True,0,False,0,1256467.893,1256467.893,4,False,True
C,A,20190101,2019,52,2019,699,IND,India,X,Export,450,MDG,Madagascar,0,W00,World,H5,HS,True,TOTAL,All Commodities,0,False,C00,TOTAL CPC,0,0,TOTAL MOT,-1,N/A,0,False,-1,N/A,0,False,0,True,0,False,0,301585330.334,301585330.334,4,False,True
C,A,20190101,2019,52,2019,699,IND,India,X,Export,454,MWI,Malawi,0,W00,World,H5,HS,True,TOTAL,All Commodities,0,False,C00,TOTAL CPC,0,0,TOTAL MOT,-1,N/A,0,False,-1,N/A,0,False,0,True,0,False,0,191972062.711,191972062.711,4,False,True
C,A,20190101,2019,52,2019,699,IND,India,X,Export,458,MYS,Malaysia,0,W00,World,H5,HS,True,TOTAL,All Commodities,0,False,C00,TOTAL CPC,0,0,TOTAL MOT,-1,N/A,0,False,-1,N/A,0,False,0,True,0,False,0,6268536760.847,6268536760.847,4,False,True
C,A,20190101,2019,52,2019,699,IND,India,X,Export,462,MDV,Maldives,0,W00,World,H5,HS,True,TOTAL,All Commodities,0,False,C00,TOTAL CPC,0,0,TOTAL MOT,-1,N/A,0,False,-1,N/A,0,False,0,True,0,False,0,226264822.412,226264822.412,4,False,True
C,A,20190101,2019,52,2019,699,IND,India,X,Export,466,MLI,Mali,0,W00,World,H5,HS,True,TOTAL,All Commodities,0,False,C00,TOTAL CPC,0,0,TOTAL MOT,-1,N/A,0,False,-1,N/A,0,False,0,True,0,False,0,142791914.527,142791914.527,4,False,True
C,A,20190101,2019,52,2019,699,IND,India,X,Export,470,MLT,Malta,0,W00,World,H5,HS,True,TOTAL,All Commodities,0,False,C00,TOTAL CPC,0,0,TOTAL MOT,-1,N/A,0,False,-1,N/A,0,False,0,True,0,False,0,239122310.199,239122310.199,4,False,True
C,A,20190101,2019,52,2019,699,IND,India,X,Export,478,MRT,Mauritania,0,W00,World,H5,HS,True,TOTAL,All Commodities,0,False,C00,TOTAL CPC,0,0,TOTAL MOT,-1,N/A,0,False,-1,N/A,0,False,0,True,0,False,0,89221431.309,89221431.309,4,False,True
C,A,20190101,2019,52,2019,699,IND,India,X,Export,480,MUS,Mauritius,0,W00,World,H5,HS,True,TOTAL,All Commodities,0,False,C00,TOTAL CPC,0,0,TOTAL MOT,-1,N/A,0,False,-1,N/A,0,False,0,True,0,False,0,779477461.283,779477461.283,4,False,True
C,A,20190101,2019,52,2019,699,IND,India,X,Export,484,MEX,Mexico,0,W00,World,H5,HS,True,TOTAL,All Commodities,0,False,C00,TOTAL CPC,0,0,TOTAL MOT,-1,N/A,0,False,-1,N/A,0,False,0,True,0,False,0,3735391912.385,3735391912.385,4,False,True
C,A,20190101,2019,52,2019,699,IND,India,X,Export,490,S19,"Other Asia, nes",0,W00,World,H5,HS,True,TOTAL,All Commodities,0,False,C00,TOTAL CPC,0,0,TOTAL MOT,-1,N/A,0,False,-1,N/A,0,False,0,True,0,False,0,1640723537.63,1640723537.63,4,False,True
C,A,20190101,2019,52,2019,699,IND,India,X,Export,496,MNG,Mongolia,0,W00,World,H5,HS,True,TOTAL,All Commodities,0,False,C00,TOTAL CPC,0,0,TOTAL MOT,-1,N/A,0,False,-1,N/A,0,False,0,True,0,False,0,15277499.035,15277499.035,4,False,True
C,A,20190101,2019,52,2019,699,IND,India,X,Export,498,MDA,Rep. of Moldova,0,W00,World,H5,HS,True,TOTAL,All Commodities,0,False,C00,TOTAL CPC,0,0,TOTAL MOT,-1,N/A,0,False,-1,N/A,0,False,0,True,0,False,0,9588453.987,9588453.987,4,False,True
C,A,20190101,2019,52,2019,699,IND,India,X,Export,499,MNE,Montenegro,0,W00,World,H5,HS,True,TOTAL,All Commodities,0,False,C00,TOTAL CPC,0,0,TOTAL MOT,-1,N/A,0,False,-1,N/A,0,False,0,True,0,False,0,22066246.538,22066246.538,4,False,True
C,A,20190101,2019,52,2019,699,IND,India,X,Export,500,MSR,Montserrat,0,W00,World,H5,HS,True,TOTAL,All Commodities,0,False,C00,TOTAL CPC,0,0,TOTAL MOT,-1,N/A,0,False,-1,N/A,0,False,0,True,0,False,0,59423.944,59423.944,4,False,True
C,A,20190101,2019,52,2019,699,IND,India,X,Export,504,MAR,Morocco,0,W00,World,H5,HS,True,TOTAL,All Commodities,0,False,C00,TOTAL CPC,0,0,TOTAL MOT,-1,N/A,0,False,-1,N/A,0,False,0,True,0,False,0,935016045.464,935016045.464,4,False,True
C,A,20190101,2019,52,2019,699,IND,India,X,Export,508,MOZ,Mozambique,0,W00,World,H5,HS,True,TOTAL,All Commodities,0,False,C00,TOTAL CPC,0,0,TOTAL MOT,-1,N/A,0,False,-1,N/A,0,False,0,True,0,False,0,2135313617.467,2135313617.467,4,False,True
C,A,20190101,2019,52,2019,699,IND,India,X,Export,512,OMN,Oman,0,W00,World,H5,HS,True,TOTAL,All Commodities,0,False,C00,TOTAL CPC,0,0,TOTAL MOT,-1,N/A,0,False,-1,N/A,0,False,0,True,0,False,0,2066706339.416,2066706339.416,4,False,True
C,A,20190101,2019,52,2019,699,IND,India,X,Export,516,NAM,Namibia,0,W00,World,H5,HS,True,TOTAL,All Commodities,0,False,C00,TOTAL CPC,0,0,TOTAL MOT,-1,N/A,0,False,-1,N/A,0,False,0,True,0,False,0,108867347.395,108867347.395,4,False,True
C,A,20190101,2019,52,2019,699,IND,India,X,Export,520,NRU,Nauru,0,W00,World,H5,HS,True,TOTAL,All Commodities,0,False,C00,TOTAL CPC,0,0,TOTAL MOT,-1,N/A,0,False,-1,N/A,0,False,0,True,0,False,0,221147.716,221147.716,4,False,True
C,A,20190101,2019,52,2019,699,IND,India,X,Export,524,NPL,Nepal,0,W00,World,H5,HS,True,TOTAL,All Commodities,0,False,C00,TOTAL CPC,0,0,TOTAL MOT,-1,N/A,0,False,-1,N/A,0,False,0,True,0,False,0,7108863141.265,7108863141.265,4,False,True
C,A,20190101,2019,52,2019,699,IND,India,X,Export,528,NLD,Netherlands,0,W00,World,H5,HS,True,TOTAL,All Commodities,0,False,C00,TOTAL CPC,0,0,TOTAL MOT,-1,N/A,0,False,-1,N/A,0,False,0,True,0,False,0,8906975224.178,8906975224.178,4,False,True
C,A,20190101,2019,52,2019,699,IND,India,X,Export,531,CUW,Curaçao,0,W00,World,H5,HS,True,TOTAL,All Commodities,0,False,C00,TOTAL CPC,0,0,TOTAL MOT,-1,N/A,0,False,-1,N/A,0,False,0,True,0,False,0,32834531.7,32834531.7,4,False,True
C,A,20190101,2019,52,2019,699,IND,India,X,Export,533,ABW,Aruba,0,W00,World,H5,HS,True,TOTAL,All Commodities,0,False,C00,TOTAL CPC,0,0,TOTAL MOT,-1,N/A,0,False,-1,N/A,0,False,0,True,0,False,0,9346388.881,9346388.881,4,False,True
C,A,20190101,2019,52,2019,699,IND,India,X,Export,534,SXM,Sint Maarten,0,W00,World,H5,HS,True,TOTAL,All Commodities,0,False,C00,TOTAL CPC,0,0,TOTAL MOT,-1,N/A,0,False,-1,N/A,0,False,0,True,0,False,0,33959.342,33959.342,4,False,True
C,A,20190101,2019,52,2019,699,IND,India,X,Export,540,NCL,New Caledonia,0,W00,World,H5,HS,True,TOTAL,All Commodities,0,False,C00,TOTAL CPC,0,0,TOTAL MOT,-1,N/A,0,False,-1,N/A,0,False,0,True,0,False,0,14527519.719,14527519.719,4,False,True
C,A,20190101,2019,52,2019,699,IND,India,X,Export,548,VUT,Vanuatu,0,W00,World,H5,HS,True,TOTAL,All Commodities,0,False,C00,TOTAL CPC,0,0,TOTAL MOT,-1,N/A,0,False,-1,N/A,0,False,0,True,0,False,0,2254891.467,2254891.467,4,False,True
C,A,20190101,2019,52,2019,699,IND,India,X,Export,554,NZL,New Zealand,0,W00,World,H5,HS,True,TOTAL,All Commodities,0,False,C00,TOTAL CPC,0,0,TOTAL MOT,-1,N/A,0,False,-1,N/A,0,False,0,True,0,False,0,383783745.864,383783745.864,4,False,True
C,A,20190101,2019,52,2019,699,IND,India,X,Export,558,NIC,Nicaragua,0,W00,World,H5,HS,True,TOTAL,All Commodities,0,False,C00,TOTAL CPC,0,0,TOTAL MOT,-1,N/A,0,False,-1,N/A,0,False,0,True,0,False,0,64757978.789,64757978.789,4,False,True
C,A,20190101,2019,52,2019,699,IND,India,X,Export,562,NER,Niger,0,W00,World,H5,HS,True,TOTAL,All Commodities,0,False,C00,TOTAL CPC,0,0,TOTAL MOT,-1,N/A,0,False,-1,N/A,0,False,0,True,0,False,0,85582733.654,85582733.654,4,False,True
C,A,20190101,2019,52,2019,699,IND,India,X,Export,566,NGA,Nigeria,0,W00,World,H5,HS,True,TOTAL,All Commodities,0,False,C00,TOTAL CPC,0,0,TOTAL MOT,-1,N/A,0,False,-1,N/A,0,False,0,True,0,False,0,3678866090.321,3678866090.321,4,False,True
C,A,20190101,2019,52,2019,699,IND,India,X,Export,570,NIU,Niue,0,W00,World,H5,HS,True,TOTAL,All Commodities,0,False,C00,TOTAL CPC,0,0,TOTAL MOT,-1,N/A,0,False,-1,N/A,0,False,0,True,0,False,0,83072.46,83072.46,4,False,True
C,A,20190101,2019,52,2019,699,IND,India,X,Export,574,NFK,Norfolk Isds,0,W00,World,H5,HS,True,TOTAL,All Commodities,0,False,C00,TOTAL CPC,0,0,TOTAL MOT,-1,N/A,0,False,-1,N/A,0,False,0,True,0,False,0,346611.786,346611.786,4,False,True
C,A,20190101,2019,52,2019,699,IND,India,X,Export,579,NOR,Norway,0,W00,World,H5,HS,True,TOTAL,All Commodities,0,False,C00,TOTAL CPC,0,0,TOTAL MOT,-1,N/A,0,False,-1,N/A,0,False,0,True,0,False,0,426709294.362,426709294.362,4,False,True
C,A,20190101,2019,52,2019,699,IND,India,X,Export,580,MNP,N. Mariana Isds,0,W00,World,H5,HS,True,TOTAL,All Commodities,0,False,C00,TOTAL CPC,0,0,TOTAL MOT,-1,N/A,0,False,-1,N/A,0,False,0,True,0,False,0,85963.244,85963.244,4,False,True
C,A,20190101,2019,52,2019,699,IND,India,X,Export,581,UMI,United States Minor Outlying Islands,0,W00,World,H5,HS,True,TOTAL,All Commodities,0,False,C00,TOTAL CPC,0,0,TOTAL MOT,-1,N/A,0,False,-1,N/A,0,False,0,True,0,False,0,471502.193,471502.193,4,False,True
C,A,20190101,2019,52,2019,699,IND,India,X,Export,583,FSM,FS Micronesia,0,W00,World,H5,HS,True,TOTAL,All Commodities,0,False,C00,TOTAL CPC,0,0,TOTAL MOT,-1,N/A,0,False,-1,N/A,0,False,0,True,0,False,0,498474.375,498474.375,4,False,True
C,A,20190101,2019,52,2019,699,IND,India,X,Export,584,MHL,Marshall Isds,0,W00,World,H5,HS,True,TOTAL,All Commodities,0,False,C00,TOTAL CPC,0,0,TOTAL MOT,-1,N/A,0,False,-1,N/A,0,False,0,True,0,False,0,26279555.131,26279555.131,4,False,True
C,A,20190101,2019,52,2019,699,IND,India,X,Export,585,PLW,Palau,0,W00,World,H5,HS,True,TOTAL,All Commodities,0,False,C00,TOTAL CPC,0,0,TOTAL MOT,-1,N/A,0,False,-1,N/A,0,False,0,True,0,False,0,82757.205,82757.205,4,False,True
C,A,20190101,2019,52,2019,699,IND,India,X,Export,586,PAK,Pakistan,0,W00,World,H5,HS,True,TOTAL,All Commodities,0,False,C00,TOTAL CPC,0,0,TOTAL MOT,-1,N/A,0,False,-1,N/A,0,False,0,True,0,False,0,1186205288.88,1186205288.88,4,False,True
C,A,20190101,2019,52,2019,699,IND,India,X,Export,591,PAN,Panama,0,W00,World,H5,HS,True,TOTAL,All Commodities,0,False,C00,TOTAL CPC,0,0,TOTAL MOT,-1,N/A,0,False,-1,N/A,0,False,0,True,0,False,0,244134165.746,244134165.746,4,False,True
C,A,20190101,2019,52,2019,699,IND,India,X,Export,598,PNG,Papua New Guinea,0,W00,World,H5,HS,True,TOTAL,All Commodities,0,False,C00,TOTAL CPC,0,0,TOTAL MOT,-1,N/A,0,False,-1,N/A,0,False,0,True,0,False,0,56866996.854,56866996.854,4,False,True
C,A,20190101,2019,52,2019,699,IND,India,X,Export,600,PRY,Paraguay,0,W00,World,H5,HS,True,TOTAL,All Commodities,0,False,C00,TOTAL CPC,0,0,TOTAL MOT,-1,N/A,0,False,-1,N/A,0,False,0,True,0,False,0,136128878.039,136128878.039,4,False,True
C,A,20190101,2019,52,2019,699,IND,India,X,Export,604,PER,Peru,0,W00,World,H5,HS,True,TOTAL,All Commodities,0,False,C00,TOTAL CPC,0,0,TOTAL MOT,-1,N/A,0,False,-1,N/A,0,False,0,True,0,False,0,750967740.938,750967740.938,4,False,True
C,A,20190101,2019,52,2019,699,IND,India,X,Export,608,PHL,Philippines,0,W00,World,H5,HS,True,TOTAL,All Commodities,0,False,C00,TOTAL CPC,0,0,TOTAL MOT,-1,N/A,0,False,-1,N/A,0,False,0,True,0,False,0,1635533799.539,1635533799.539,4,False,True
C,A,20190101,2019,52,2019,699,IND,India,X,Export,612,PCN,Pitcairn,0,W00,World,H5,HS,True,TOTAL,All Commodities,0,False,C00,TOTAL CPC,0,0,TOTAL MOT,-1,N/A,0,False,-1,N/A,0,False,0,True,0,False,0,10889.46,10889.46,4,False,True
C,A,20190101,2019,52,2019,699,IND,India,X,Export,616,POL,Poland,0,W00,World,H5,HS,True,TOTAL,All Commodities,0,False,C00,TOTAL CPC,0,0,TOTAL MOT,-1,N/A,0,False,-1,N/A,0,False,0,True,0,False,0,1574710084.439,1574710084.439,4,False,True
C,A,20190101,2019,52,2019,699,IND,India,X,Export,620,PRT,Portugal,0,W00,World,H5,HS,True,TOTAL,All Commodities,0,False,C00,TOTAL CPC,0,0,TOTAL MOT,-1,N/A,0,False,-1,N/A,0,False,0,True,0,False,0,742700916.791,742700916.791,4,False,True
C,A,20190101,2019,52,2019,699,IND,India,X,Export,624,GNB,Guinea-Bissau,0,W00,World,H5,HS,True,TOTAL,All Commodities,0,False,C00,TOTAL CPC,0,0,TOTAL MOT,-1,N/A,0,False,-1,N/A,0,False,0,True,0,False,0,12378964.016,12378964.016,4,False,True
C,A,20190101,2019,52,2019,699,IND,India,X,Export,626,TLS,Timor-Leste,0,W00,World,H5,HS,True,TOTAL,All Commodities,0,False,C00,TOTAL CPC,0,0,TOTAL MOT,-1,N/A,0,False,-1,N/A,0,False,0,True,0,False,0,6620291.867,6620291.867,4,False,True
C,A,20190101,2019,52,2019,699,IND,India,X,Export,634,QAT,Qatar,0,W00,World,H5,HS,True,TOTAL,All Commodities,0,False,C00,TOTAL CPC,0,0,TOTAL MOT,-1,N/A,0,False,-1,N/A,0,False,0,True,0,False,0,1306737680.337,1306737680.337,4,False,True
C,A,20190101,2019,52,2019,699,IND,India,X,Export,642,ROU,Romania,0,W00,World,H5,HS,True,TOTAL,All Commodities,0,False,C00,TOTAL CPC,0,0,TOTAL MOT,-1,N/A,0,False,-1,N/A,0,False,0,True,0,False,0,392259040.348,392259040.348,4,False,True
C,A,20190101,2019,52,2019,699,IND,India,X,Export,643,RUS,Russian Federation,0,W00,World,H5,HS,True,TOTAL,All Commodities,0,False,C00,TOTAL CPC,0,0,TOTAL MOT,-1,N/A,0,False,-1,N/A,0,False,0,True,0,False,0,2871228560.865,2871228560.865,4,False,True
C,A,20190101,2019,52,2019,699,IND,India,X,Export,646,RWA,Rwanda,0,W00,World,H5,HS,True,TOTAL,All Commodities,0,False,C00,TOTAL CPC,0,0,TOTAL MOT,-1,N/A,0,False,-1,N/A,0,False,0,True,0,False,0,128586730.51,128586730.51,4,False,True
C,A,20190101,2019,52,2019,699,IND,India,X,Export,654,SHN,Saint Helena,0,W00,World,H5,HS,True,TOTAL,All Commodities,0,False,C00,TOTAL CPC,0,0,TOTAL MOT,-1,N/A,0,False,-1,N/A,0,False,0,True,0,False,0,322780.061,322780.061,4,False,True
C,A,20190101,2019,52,2019,699,IND,India,X,Export,659,KNA,Saint Kitts and Nevis,0,W00,World,H5,HS,True,TOTAL,All Commodities,0,False,C00,TOTAL CPC,0,0,TOTAL MOT,-1,N/A,0,False,-1,N/A,0,False,0,True,0,False,0,2650446.94,2650446.94,4,False,True
C,A,20190101,2019,52,2019,699,IND,India,X,Export,660,AIA,Anguilla,0,W00,World,H5,HS,True,TOTAL,All Commodities,0,False,C00,TOTAL CPC,0,0,TOTAL MOT,-1,N/A,0,False,-1,N/A,0,False,0,True,0,False,0,39832.856,39832.856,4,False,True
C,A,20190101,2019,52,2019,699,IND,India,X,Export,662,LCA,Saint Lucia,0,W00,World,H5,HS,True,TOTAL,All Commodities,0,False,C00,TOTAL CPC,0,0,TOTAL MOT,-1,N/A,0,False,-1,N/A,0,False,0,True,0,False,0,3246712.012,3246712.012,4,False,True
C,A,20190101,2019,52,2019,699,IND,India,X,Export,666,SPM,Saint Pierre and Miquelon,0,W00,World,H5,HS,True,TOTAL,All Commodities,0,False,C00,TOTAL CPC,0,0,TOTAL MOT,-1,N/A,0,False,-1,N/A,0,False,0,True,0,False,0,3597.884,3597.884,4,False,True
C,A,20190101,2019,52,2019,699,IND,India,X,Export,670,VCT,Saint Vincent and the Grenadines,0,W00,World,H5,HS,True,TOTAL,All Commodities,0,False,C00,TOTAL CPC,0,0,TOTAL MOT,-1,N/A,0,False,-1,N/A,0,False,0,True,0,False,0,801614.726,801614.726,4,False,True
C,A,20190101,2019,52,2019,699,IND,India,X,Export,674,SMR,San Marino,0,W00,World,H5,HS,True,TOTAL,All Commodities,0,False,C00,TOTAL CPC,0,0,TOTAL MOT,-1,N/A,0,False,-1,N/A,0,False,0,True,0,False,0,324910.038,324910.038,4,False,True
C,A,20190101,2019,52,2019,699,IND,India,X,Export,678,STP,Sao Tome and Principe,0,W00,World,H5,HS,True,TOTAL,All Commodities,0,False,C00,TOTAL CPC,0,0,TOTAL MOT,-1,N/A,0,False,-1,N/A,0,False,0,True,0,False,0,1702676.25,1702676.25,4,False,True
C,A,20190101,2019,52,2019,699,IND,India,X,Export,682,SAU,Saudi Arabia,0,W00,World,H5,HS,True,TOTAL,All Commodities,0,False,C00,TOTAL CPC,0,0,TOTAL MOT,-1,N/A,0,False,-1,N/A,0,False,0,True,0,False,0,5974037245.947,5974037245.947,4,False,True
C,A,20190101,2019,52,2019,699,IND,India,X,Export,686,SEN,Senegal,0,W00,World,H5,HS,True,TOTAL,All Commodities,0,False,C00,TOTAL CPC,0,0,TOTAL MOT,-1,N/A,0,False,-1,N/A,0,False,0,True,0,False,0,484002400.419,484002400.419,4,False,True
C,A,20190101,2019,52,2019,699,IND,India,X,Export,688,SRB,Serbia,0,W00,World,H5,HS,True,TOTAL,All Commodities,0,False,C00,TOTAL CPC,0,0,TOTAL MOT,-1,N/A,0,False,-1,N/A,0,False,0,True,0,False,0,81526672.443,81526672.443,4,False,True
C,A,20190101,2019,52,2019,699,IND,India,X,Export,690,SYC,Seychelles,0,W00,World,H5,HS,True,TOTAL,All Commodities,0,False,C00,TOTAL CPC,0,0,TOTAL MOT,-1,N/A,0,False,-1,N/A,0,False,0,True,0,False,0,51892067.128,51892067.128,4,False,True
C,A,20190101,2019,52,2019,699,IND,India,X,Export,694,SLE,Sierra Leone,0,W00,World,H5,HS,True,TOTAL,All Commodities,0,False,C00,TOTAL CPC,0,0,TOTAL MOT,-1,N/A,0,False,-1,N/A,0,False,0,True,0,False,0,126574834.6,126574834.6,4,False,True
C,A,20190101,2019,52,2019,699,IND,India,X,Export,702,SGP,Singapore,0,W00,World,H5,HS,True,TOTAL,All Commodities,0,False,C00,TOTAL CPC,0,0,TOTAL MOT,-1,N/A,0,False,-1,N/A,0,False,0,True,0,False,0,10738688603.297,10738688603.297,4,False,True
C,A,20190101,2019,52,2019,699,IND,India,X,Export,703,SVK,Slovakia,0,W00,World,H5,HS,True,TOTAL,All Commodities,0,False,C00,TOTAL CPC,0,0,TOTAL MOT,-1,N/A,0,False,-1,N/A,0,False,0,True,0,False,0,139762164.153,139762164.153,4,False,True
C,A,20190101,2019,52,2019,699,IND,India,X,Export,704,VNM,Viet Nam,0,W00,World,H5,HS,True,TOTAL,All Commodities,0,False,C00,TOTAL CPC,0,0,TOTAL MOT,-1,N/A,0,False,-1,N/A,0,False,0,True,0,False,0,5512870238.921,5512870238.921,4,False,True
C,A,20190101,2019,52,2019,699,IND,India,X,Export,705,SVN,Slovenia,0,W00,World,H5,HS,True,TOTAL,All Commodities,0,False,C00,TOTAL CPC,0,0,TOTAL MOT,-1,N/A,0,False,-1,N/A,0,False,0,True,0,False,0,334071426.632,334071426.632,4,False,True
C,A,20190101,2019,52,2019,699,IND,India,X,Export,706,SOM,Somalia,0,W00,World,H5,HS,True,TOTAL,All Commodities,0,False,C00,TOTAL CPC,0,0,TOTAL MOT,-1,N/A,0,False,-1,N/A,0,False,0,True,0,False,0,614662580.817,614662580.817,4,False,True
C,A,20190101,2019,52,2019,699,IND,India,X,Export,710,ZAF,South Africa,0,W00,World,H5,HS,True,TOTAL,All Commodities,0,False,C00,TOTAL CPC,0,0,TOTAL MOT,-1,N/A,0,False,-1,N/A,0,False,0,True,0,False,0,3982930227.597,3982930227.597,4,False,True
C,A,20190101,2019,52,2019,699,IND,India,X,Export,716,ZWE,Zimbabwe,0,W00,World,H5,HS,True,TOTAL,All Commodities,0,False,C00,TOTAL CPC,0,0,TOTAL MOT,-1,N/A,0,False,-1,N/A,0,False,0,True,0,False,0,157165414.776,157165414.776,4,False,True
C,A,20190101,2019,52,2019,699,IND,India,X,Export,724,ESP,Spain,0,W00,World,H5,HS,True,TOTAL,All Commodities,0,False,C00,TOTAL CPC,0,0,TOTAL MOT,-1,N/A,0,False,-1,N/A,0,False,0,True,0,False,0,4248977453.007,4248977453.007,4,False,True
C,A,20190101,2019,52,2019,699,IND,India,X,Export,728,SSD,South Sudan,0,W00,World,H5,HS,True,TOTAL,All Commodities,0,False,C00,TOTAL CPC,0,0,TOTAL MOT,-1,N/A,0,False,-1,N/A,0,False,0,True,0,False,0,17566407.117,17566407.117,4,False,True
C,A,20190101,2019,52,2019,699,IND,India,X,Export,729,SDN,Sudan,0,W00,World,H5,HS,True,TOTAL,All Commodities,0,False,C00,TOTAL CPC,0,0,TOTAL MOT,-1,N/A,0,False,-1,N/A,0,False,0,True,0,False,0,1079058086.787,1079058086.787,4,False,True
C,A,20190101,2019,52,2019,699,IND,India,X,Export,732,ESH,Western Sahara,0,W00,World,H5,HS,True,TOTAL,All Commodities,0,False,C00,TOTAL CPC,0,0,TOTAL MOT,-1,N/A,0,False,-1,N/A,0,False,0,True,0,False,0,7960.012,7960.012,4,False,True
C,A,20190101,2019,52,2019,699,IND,India,X,Export,740,SUR,Suriname,0,W00,World,H5,HS,True,TOTAL,All Commodities,0,False,C00,TOTAL CPC,0,0,TOTAL MOT,-1,N/A,0,False,-1,N/A,0,False,0,True,0,False,0,32489263.872,32489263.872,4,False,True
C,A,20190101,2019,52,2019,699,IND,India,X,Export,748,SWZ,Eswatini,0,W00,World,H5,HS,True,TOTAL,All Commodities,0,False,C00,TOTAL CPC,0,0,TOTAL MOT,-1,N/A,0,False,-1,N/A,0,False,0,True,0,False,0,17773216.82,17773216.82,4,False,True
C,A,20190101,2019,52,2019,699,IND,India,X,Export,752,SWE,Sweden,0,W00,World,H5,HS,True,TOTAL,All Commodities,0,False,C00,TOTAL CPC,0,0,TOTAL MOT,-1,N/A,0,False,-1,N/A,0,False,0,True,0,False,0,759566767.807,759566767.807,4,False,True
C,A,20190101,2019,52,2019,699,IND,India,X,Export,757,CHE,Switzerland,0,W00,World,H5,HS,True,TOTAL,All Commodities,0,False,C00,TOTAL CPC,0,0,TOTAL MOT,-1,N/A,0,False,-1,N/A,0,False,0,True,0,False,0,1277418183.38,1277418183.38,4,False,True
C,A,20190101,2019,52,2019,699,IND,India,X,Export,760,SYR,Syria,0,W00,World,H5,HS,True,TOTAL,All Commodities,0,False,C00,TOTAL CPC,0,0,TOTAL MOT,-1,N/A,0,False,-1,N/A,0,False,0,True,0,False,0,159433518.009,159433518.009,4,False,True
C,A,20190101,2019,52,2019,699,IND,India,X,Export,762,TJK,Tajikistan,0,W00,World,H5,HS,True,TOTAL,All Commodities,0,False,C00,TOTAL CPC,0,0,TOTAL MOT,-1,N/A,0,False,-1,N/A,0,False,0,True,0,False,0,24610460.398,24610460.398,4,False,True
C,A,20190101,2019,52,2019,699,IND,India,X,Export,764,THA,Thailand,0,W00,World,H5,HS,True,TOTAL,All Commodities,0,False,C00,TOTAL CPC,0,0,TOTAL MOT,-1,N/A,0,False,-1,N/A,0,False,0,True,0,False,0,4331648864.219,4331648864.219,4,False,True
C,A,20190101,2019,52,2019,699,IND,India,X,Export,768,TGO,Togo,0,W00,World,H5,HS,True,TOTAL,All Commodities,0,False,C00,TOTAL CPC,0,0,TOTAL MOT,-1,N/A,0,False,-1,N/A,0,False,0,True,0,False,0,1089374833.825,1089374833.825,4,False,True
C,A,20190101,2019,52,2019,699,IND,India,X,Export,772,TKL,Tokelau,0,W00,World,H5,HS,True,TOTAL,All Commodities,0,False,C00,TOTAL CPC,0,0,TOTAL MOT,-1,N/A,0,False,-1,N/A,0,False,0,True,0,False,0,773.719,773.719,4,False,True
C,A,20190101,2019,52,2019,699,IND,India,X,Export,776,TON,Tonga,0,W00,World,H5,HS,True,TOTAL,All Commodities,0,False,C00,TOTAL CPC,0,0,TOTAL MOT,-1,N/A,0,False,-1,N/A,0,False,0,True,0,False,0,557507.369,557507.369,4,False,True
C,A,20190101,2019,52,2019,699,IND,India,X,Export,780,TTO,Trinidad and Tobago,0,W00,World,H5,HS,True,TOTAL,All Commodities,0,False,C00,TOTAL CPC,0,0,TOTAL MOT,-1,N/A,0,False,-1,N/A,0,False,0,True,0,False,0,85863310.072,85863310.072,4,False,True
C,A,20190101,2019,52,2019,699,IND,India,X,Export,784,ARE,United Arab Emirates,0,W00,World,H5,HS,True,TOTAL,All Commodities,0,False,C00,TOTAL CPC,0,0,TOTAL MOT,-1,N/A,0,False,-1,N/A,0,False,0,True,0,False,0,29539357727.5,29539357727.5,4,False,True
C,A,20190101,2019,52,2019,699,IND,India,X,Export,788,TUN,Tunisia,0,W00,World,H5,HS,True,TOTAL,All Commodities,0,False,C00,TOTAL CPC,0,0,TOTAL MOT,-1,N/A,0,False,-1,N/A,0,False,0,True,0,False,0,269676261.995,269676261.995,4,False,True
C,A,20190101,2019,52,2019,699,IND,India,X,Export,792,TUR,Türkiye,0,W00,World,H5,HS,True,TOTAL,All Commodities,0,False,C00,TOTAL CPC,0,0,TOTAL MOT,-1,N/A,0,False,-1,N/A,0,False,0,True,0,False,0,4575955544.945,4575955544.945,4,False,True
C,A,20190101,2019,52,2019,699,IND,India,X,Export,795,TKM,Turkmenistan,0,W00,World,H5,HS,True,TOTAL,All Commodities,0,False,C00,TOTAL CPC,0,0,TOTAL MOT,-1,N/A,0,False,-1,N/A,0,False,0,True,0,False,0,37309163.35,37309163.35,4,False,True
C,A,20190101,2019,52,2019,699,IND,India,X,Export,796,TCA,Turks and Caicos Isds,0,W00,World,H5,HS,True,TOTAL,All Commodities,0,False,C00,TOTAL CPC,0,0,TOTAL MOT,-1,N/A,0,False,-1,N/A,0,False,0,True,0,False,0,659976.486,659976.486,4,False,True
C,A,20190101,2019,52,2019,699,IND,India,X,Export,798,TUV,Tuvalu,0,W00,World,H5,HS,True,TOTAL,All Commodities,0,False,C00,TOTAL CPC,0,0,TOTAL MOT,-1,N/A,0,False,-1,N/A,0,False,0,False,0,False,0,3689.148,3689.148,0,False,True
C,A,20190101,2019,52,2019,699,IND,India,X,Export,800,UGA,Uganda,0,W00,World,H5,HS,True,TOTAL,All Commodities,0,False,C00,TOTAL CPC,0,0,TOTAL MOT,-1,N/A,0,False,-1,N/A,0,False,0,True,0,False,0,633772949.59,633772949.59,4,False,True
C,A,20190101,2019,52,2019,699,IND,India,X,Export,804,UKR,Ukraine,0,W00,World,H5,HS,True,TOTAL,All Commodities,0,False,C00,TOTAL CPC,0,0,TOTAL MOT,-1,N/A,0,False,-1,N/A,0,False,0,True,0,False,0,456830281.556,456830281.556,4,False,True
C,A,20190101,2019,52,2019,699,IND,India,X,Export,807,MKD,North Macedonia,0,W00,World,H5,HS,True,TOTAL,All Commodities,0,False,C00,TOTAL CPC,0,0,TOTAL MOT,-1,N/A,0,False,-1,N/A,0,False,0,True,0,False,0,21938245.816,21938245.816,4,False,True
C,A,20190101,2019,52,2019,699,IND,India,X,Export,818,EGY,Egypt,0,W00,World,H5,HS,True,TOTAL,All Commodities,0,False,C00,TOTAL CPC,0,0,TOTAL MOT,-1,N/A,0,False,-1,N/A,0,False,0,True,0,False,0,2658647556.452,2658647556.452,4,False,True
C,A,20190101,2019,52,2019,699,IND,India,X,Export,826,GBR,United Kingdom,0,W00,World,H5,HS,True,TOTAL,All Commodities,0,False,C00,TOTAL CPC,0,0,TOTAL MOT,-1,N/A,0,False,-1,N/A,0,False,0,True,0,False,0,8797200000.483,8797200000.483,4,False,True
C,A,20190101,2019,52,2019,699,IND,India,X,Export,834,TZA,United Rep. of Tanzania,0,W00,World,H5,HS,True,TOTAL,All Commodities,0,False,C00,TOTAL CPC,0,0,TOTAL MOT,-1,N/A,0,False,-1,N/A,0,False,0,True,0,False,0,1692930625.631,1692930625.631,4,False,True
C,A,20190101,2019,52,2019,699,IND,India,X,Export,842,USA,USA,0,W00,World,H5,HS,True,TOTAL,All Commodities,0,False,C00,TOTAL CPC,0,0,TOTAL MOT,-1,N/A,0,False,-1,N/A,0,False,0,True,0,False,0,54288194268.9,54288194268.9,4,False,True
C,A,20190101,2019,52,2019,699,IND,India,X,Export,854,BFA,Burkina Faso,0,W00,World,H5,HS,True,TOTAL,All Commodities,0,False,C00,TOTAL CPC,0,0,TOTAL MOT,-1,N/A,0,False,-1,N/A,0,False,0,True,0,False,0,169288193.343,169288193.343,4,False,True
C,A,20190101,2019,52,2019,699,IND,India,X,Export,858,URY,Uruguay,0,W00,World,H5,HS,True,TOTAL,All Commodities,0,False,C00,TOTAL CPC,0,0,TOTAL MOT,-1,N/A,0,False,-1,N/A,0,False,0,True,0,False,0,154377259.709,154377259.709,4,False,True
C,A,20190101,2019,52,2019,699,IND,India,X,Export,860,UZB,Uzbekistan,0,W00,World,H5,HS,True,TOTAL,All Commodities,0,False,C00,TOTAL CPC,0,0,TOTAL MOT,-1,N/A,0,False,-1,N/A,0,False,0,True,0,False,0,193459125.017,193459125.017,4,False,True
C,A,20190101,2019,52,2019,699,IND,India,X,Export,862,VEN,Venezuela,0,W00,World,H5,HS,True,TOTAL,All Commodities,0,False,C00,TOTAL CPC,0,0,TOTAL MOT,-1,N/A,0,False,-1,N/A,0,False,0,True,0,False,0,241366078.499,241366078.499,4,False,True
C,A,20190101,2019,52,2019,699,IND,India,X,Export,876,WLF,Wallis and Futuna Isds,0,W00,World,H5,HS,True,TOTAL,All Commodities,0,False,C00,TOTAL CPC,0,0,TOTAL MOT,-1,N/A,0,False,-1,N/A,0,False,0,True,0,False,0,22616.801,22616.801,4,False,True
C,A,20190101,2019,52,2019,699,IND,India,X,Export,882,WSM,Samoa,0,W00,World,H5,HS,True,TOTAL,All Commodities,0,False,C00,TOTAL CPC,0,0,TOTAL MOT,-1,N/A,0,False,-1,N/A,0,False,0,True,0,False,0,4539436.255,4539436.255,4,False,True
C,A,20190101,2019,52,2019,699,IND,India,X,Export,887,YEM,Yemen,0,W00,World,H5,HS,True,TOTAL,All Commodities,0,False,C00,TOTAL CPC,0,0,TOTAL MOT,-1,N/A,0,False,-1,N/A,0,False,0,True,0,False,0,756099149.03,756099149.03,4,False,True
C,A,20190101,2019,52,2019,699,IND,India,X,Export,894,ZMB,Zambia,0,W00,World,H5,HS,True,TOTAL,All Commodities,0,False,C00,TOTAL CPC,0,0,TOTAL MOT,-1,N/A,0,False,-1,N/A,0,False,0,True,0,False,0,267945151.282,267945151.282,4,False,True
C,A,20190101,2019,52,2019,699,IND,India,X,Export,899,"_X ","Areas, nes",0,W00,World,H5,HS,True,TOTAL,All Commodities,0,False,C00,TOTAL CPC,0,0,TOTAL MOT,-1,N/A,0,False,-1,N/A,0,False,0,True,0,False,0,2477811637.495,2477811637.495,4,False,True
