typeCode,freqCode,refPeriodId,refYear,refMonth,period,reporterCode,reporterISO,reporterDesc,flowCode,flowDesc,partnerCode,partnerISO,partnerDesc,partner2Code,partner2ISO,partner2Desc,classificationCode,classificationSearchCode,isOriginalClassification,cmdCode,cmdDesc,aggrLevel,isLeaf,customsCode,customsDesc,mosCode,motCode,motDesc,qtyUnitCode,qtyUnitAbbr,qty,isQtyEstimated,altQtyUnitCode,altQtyUnitAbbr,altQty,isAltQtyEstimated,netWgt,isNetWgtEstimated,grossWgt,isGrossWgtEstimated,cifvalue,fobvalue,primaryValue,legacyEstimationFlag,isReported,isAggregate
C,A,20250101,2025,52,2025,97,,,M,,699,,,0,,,H6,HS,True,38,,,,C00,,0,0,,-1,,0,False,-1,,0,False,0,True,0,False,719296703.045,,719296703.045,4,False,True
C,A,20250101,2025,52,2025,97,,,M,,156,,,0,,,H6,HS,True,38,,,,C00,,0,0,,-1,,0,False,-1,,0,False,0,True,0,False,2506055203.868,,2506055203.868,4,False,True
C,A,20250101,2025,52,2025,97,,,M,,699,,,0,,,H6,HS,True,69,,,,C00,,0,0,,-1,,0,False,-1,,0,False,0,True,0,False,407745237.95,,407745237.95,4,False,True
C,A,20250101,2025,52,2025,97,,,M,,156,,,0,,,H6,HS,True,31,,,,C00,,0,0,,-1,,0,False,-1,,0,False,0,True,0,False,439274838.772,,439274838.772,4,False,True
C,A,20250101,2025,52,2025,97,,,M,,156,,,0,,,H6,HS,True,08,,,,C00,,0,0,,-1,,0,False,-1,,0,False,0,True,0,False,622271399.842,,622271399.842,4,False,True
C,A,20250101,2025,52,2025,97,,,M,,704,,,0,,,H6,HS,True,24,,,,C00,,0,0,,-1,,0,False,-1,,0,False,0,True,0,False,15673951.288,,15673951.288,4,False,True
C,A,20250101,2025,52,2025,97,,,M,,0,,,0,,,H6,HS,True,71,,,,C00,,0,0,,-1,,0,False,-1,,0,False,0,True,0,False,56117674705.962,,56117674705.962,4,False,True
C,A,20250101,2025,52,2025,97,,,M,,156,,,0,,,H6,HS,True,75,,,,C00,,0,0,,-1,,0,False,-1,,0,False,0,True,0,False,237176760.434,,237176760.434,4,False,True
C,A,20250101,2025,52,2025,97,,,M,,699,,,0,,,H6,HS,True,63,,,,C00,,0,0,,-1,,0,False,-1,,0,False,0,True,0,False,1402528303.034,,1402528303.034,4,False,True
C,A,20250101,2025,52,2025,97,,,M,,0,,,0,,,H6,HS,True,22,,,,C00,,0,0,,-1,,0,False,-1,,0,False,0,True,0,False,10818856830.803,,10818856830.803,4,False,True
C,A,20250101,2025,52,2025,97,,,M,,699,,,0,,,H6,HS,True,72,,,,C00,,0,0,,-1,,0,False,-1,,0,False,0,True,0,False,3626876646.446,,3626876646.446,4,False,True
C,A,20250101,2025,52,2025,97,,,M,,0,,,0,,,H6,HS,True,78,,,,C00,,0,0,,-1,,0,False,-1,,0,False,0,True,0,False,639032531.248,,639032531.248,4,False,True
C,A,20250101,2025,52,2025,97,,,M,,704,,,0,,,H6,HS,True,30,,,,C00,,0,0,,-1,,0,False,-1,,0,False,0,True,0,False,55674046.78,,55674046.78,4,False,True
C,A,20250101,2025,52,2025,97,,,M,,704,,,0,,,H6,HS,True,26,,,,C00,,0,0,,-1,,0,False,-1,,0,False,0,True,0,False,2061039.507,,2061039.507,4,False,True
C,A,20250101,2025,52,2025,97,,,M,,699,,,0,,,H6,HS,True,01,,,,C00,,0,0,,-1,,0,False,-1,,0,False,0,True,0,False,25942.861,,25942.861,4,False,True
C,A,20250101,2025,52,2025,97,,,M,,0,,,0,,,H6,HS,True,41,,,,C00,,0,0,,-1,,0,False,-1,,0,False,0,True,0,False,1734350856.583,,1734350856.583,4,False,True
C,A,20250101,2025,52,2025,97,,,M,,699,,,0,,,H6,HS,True,82,,,,C00,,0,0,,-1,,0,False,-1,,0,False,0,True,0,False,300732637.973,,300732637.973,4,False,True
C,A,20250101,2025,52,2025,97,,,M,,50,,,0,,,H6,HS,True,68,,,,C00,,0,0,,-1,,0,False,-1,,0,False,0,True,0,False,79558.007,,79558.007,4,False,True
C,A,20250101,2025,52,2025,97,,,M,,50,,,0,,,H6,HS,True,87,,,,C00,,0,0,,-1,,0,False,-1,,0,False,0,True,0,False,124859955.652,,124859955.652,4,False,True
C,A,20250101,2025,52,2025,97,,,M,,704,,,0,,,H6,HS,True,46,,,,C00,,0,0,,-1,,0,False,-1,,0,False,0,True,0,False,114074782.638,,114074782.638,4,False,True
C,A,20250101,2025,52,2025,97,,,M,,50,,,0,,,H6,HS,True,22,,,,C00,,0,0,,-1,,0,False,-1,,0,False,0,True,0,False,1149401.385,,1149401.385,4,False,True
C,A,20250101,2025,52,2025,97,,,M,,0,,,0,,,H6,HS,True,52,,,,C00,,0,0,,-1,,0,False,-1,,0,False,0,True,0,False,2605406527.221,,2605406527.221,4,False,True
C,A,20250101,2025,52,2025,97,,,M,,50,,,0,,,H6,HS,True,53,,,,C00,,0,0,,-1,,0,False,-1,,0,False,0,True,0,False,25221004.725,,25221004.725,4,False,True
C,A,20250101,2025,52,2025,97,,,M,,704,,,0,,,H6,HS,True,84,,,,C00,,0,0,,-1,,0,False,-1,,0,False,0,True,0,False,11180481623.974,,11180481623.974,4,False,True
C,A,20250101,2025,52,2025,97,,,M,,156,,,0,,,H6,HS,True,61,,,,C00,,0,0,,-1,,0,False,-1,,0,False,0,True,0,False,15829421413.972,,15829421413.972,4,False,True
C,A,20250101,2025,52,2025,97,,,M,,704,,,0,,,H6,HS,True,55,,,,C00,,0,0,,-1,,0,False,-1,,0,False,0,True,0,False,73158362.746,,73158362.746,4,False,True
C,A,20250101,2025,52,2025,97,,,M,,0,,,0,,,H6,HS,True,20,,,,C00,,0,0,,-1,,0,False,-1,,0,False,0,True,0,False,9048742638.72,,9048742638.72,4,False,True
C,A,20250101,2025,52,2025,97,,,M,,156,,,0,,,H6,HS,True,66,,,,C00,,0,0,,-1,,0,False,-1,,0,False,0,True,0,False,692481585.322,,692481585.322,4,False,True
C,A,20250101,2025,52,2025,97,,,M,,704,,,0,,,H6,HS,True,67,,,,C00,,0,0,,-1,,0,False,-1,,0,False,0,True,0,False,17749985.613,,17749985.613,4,False,True
C,A,20250101,2025,52,2025,97,,,M,,704,,,0,,,H6,HS,True,08,,,,C00,,0,0,,-1,,0,False,-1,,0,False,0,True,0,False,1210328366.92,,1210328366.92,4,False,True
C,A,20250101,2025,52,2025,97,,,M,,50,,,0,,,H6,HS,True,65,,,,C00,,0,0,,-1,,0,False,-1,,0,False,0,True,0,False,70823108.41,,70823108.41,4,False,True
C,A,20250101,2025,52,2025,97,,,M,,704,,,0,,,H6,HS,True,87,,,,C00,,0,0,,-1,,0,False,-1,,0,False,0,True,0,False,911192869.438,,911192869.438,4,False,True
C,A,20250101,2025,52,2025,97,,,M,,699,,,0,,,H6,HS,True,06,,,,C00,,0,0,,-1,,0,False,-1,,0,False,0,True,0,False,28130546.852,,28130546.852,4,False,True
C,A,20250101,2025,52,2025,97,,,M,,704,,,0,,,H6,HS,True,41,,,,C00,,0,0,,-1,,0,False,-1,,0,False,0,True,0,False,4954761.605,,4954761.605,4,False,True
C,A,20250101,2025,52,2025,97,,,M,,50,,,0,,,H6,HS,True,93,,,,C00,,0,0,,-1,,0,False,-1,,0,False,0,True,0,False,626.011,,626.011,4,False,True
C,A,20250101,2025,52,2025,97,,,M,,50,,,0,,,H6,HS,True,52,,,,C00,,0,0,,-1,,0,False,-1,,0,False,0,True,0,False,3898055.045,,3898055.045,4,False,True
C,A,20250101,2025,52,2025,97,,,M,,156,,,0,,,H6,HS,True,27,,,,C00,,0,0,,-1,,0,False,-1,,0,False,0,True,0,False,2184883122.53,,2184883122.53,4,False,True
C,A,20250101,2025,52,2025,97,,,M,,704,,,0,,,H6,HS,True,92,,,,C00,,0,0,,-1,,0,False,-1,,0,False,0,True,0,False,7555319.748,,7555319.748,4,False,True
C,A,20250101,2025,52,2025,97,,,M,,156,,,0,,,H6,HS,True,47,,,,C00,,0,0,,-1,,0,False,-1,,0,False,0,True,0,False,47153207.661,,47153207.661,4,False,True
C,A,20250101,2025,52,2025,97,,,M,,704,,,0,,,H6,HS,True,13,,,,C00,,0,0,,-1,,0,False,-1,,0,False,0,True,0,False,25684412.189,,25684412.189,4,False,True
C,A,20250101,2025,52,2025,97,,,M,,50,,,0,,,H6,HS,True,12,,,,C00,,0,0,,-1,,0,False,-1,,0,False,0,True,0,False,243506.995,,243506.995,4,False,True
C,A,20250101,2025,52,2025,97,,,M,,699,,,0,,,H6,HS,True,07,,,,C00,,0,0,,-1,,0,False,-1,,0,False,0,True,0,False,213610208.505,,213610208.505,4,False,True
C,A,20250101,2025,52,2025,97,,,M,,0,,,0,,,H6,HS,True,80,,,,C00,,0,0,,-1,,0,False,-1,,0,False,0,True,0,False,1085366977.749,,1085366977.749,4,False,True
C,A,20250101,2025,52,2025,97,,,M,,704,,,0,,,H6,HS,True,90,,,,C00,,0,0,,-1,,0,False,-1,,0,False,0,True,0,False,1093172558.599,,1093172558.599,4,False,True
C,A,20250101,2025,52,2025,97,,,M,,156,,,0,,,H6,HS,True,97,,,,C00,,0,0,,-1,,0,False,-1,,0,False,0,True,0,False,44931132.475,,44931132.475,4,False,True
C,A,20250101,2025,52,2025,97,,,M,,0,,,0,,,H6,HS,True,21,,,,C00,,0,0,,-1,,0,False,-1,,0,False,0,True,0,False,7573681402.681,,7573681402.681,4,False,True
C,A,20250101,2025,52,2025,97,,,M,,50,,,0,,,H6,HS,True,72,,,,C00,,0,0,,-1,,0,False,-1,,0,False,0,True,0,False,77.2,,77.2,4,False,True
C,A,20250101,2025,52,2025,97,,,M,,50,,,0,,,H6,HS,True,08,,,,C00,,0,0,,-1,,0,False,-1,,0,False,0,True,0,False,3857717.551,,3857717.551,4,False,True
C,A,20250101,2025,52,2025,97,,,M,,699,,,0,,,H6,HS,True,59,,,,C00,,0,0,,-1,,0,False,-1,,0,False,0,True,0,False,40214785.419,,40214785.419,4,False,True
C,A,20250101,2025,52,2025,97,,,M,,50,,,0,,,H6,HS,True,57,,,,C00,,0,0,,-1,,0,False,-1,,0,False,0,True,0,False,23947509.414,,23947509.414,4,False,True
C,A,20250101,2025,52,2025,97,,,M,,704,,,0,,,H6,HS,True,01,,,,C00,,0,0,,-1,,0,False,-1,,0,False,0,True,0,False,23921404.17,,23921404.17,4,False,True
C,A,20250101,2025,52,2025,97,,,M,,704,,,0,,,H6,HS,True,48,,,,C00,,0,0,,-1,,0,False,-1,,0,False,0,True,0,False,36763566.099,,36763566.099,4,False,True
C,A,20250101,2025,52,2025,97,,,M,,704,,,0,,,H6,HS,True,93,,,,C00,,0,0,,-1,,0,False,-1,,0,False,0,True,0,False,216106.265,,216106.265,4,False,True
C,A,20250101,2025,52,2025,97,,,M,,699,,,0,,,H6,HS,True,91,,,,C00,,0,0,,-1,,0,False,-1,,0,False,0,True,0,False,8938166,,8938166,4,False,True
C,A,20250101,2025,52,2025,97,,,M,,0,,,0,,,H6,HS,True,58,,,,C00,,0,0,,-1,,0,False,-1,,0,False,0,True,0,False,1004683312.323,,1004683312.323,4,False,True
C,A,20250101,2025,52,2025,97,,,M,,156,,,0,,,H6,HS,True,46,,,,C00,,0,0,,-1,,0,False,-1,,0,False,0,True,0,False,321466674.513,,321466674.513,4,False,True
C,A,20250101,2025,52,2025,97,,,M,,704,,,0,,,H6,HS,True,18,,,,C00,,0,0,,-1,,0,False,-1,,0,False,0,True,0,False,18887166.171,,18887166.171,4,False,True
C,A,20250101,2025,52,2025,97,,,M,,0,,,0,,,H6,HS,True,38,,,,C00,,0,0,,-1,,0,False,-1,,0,False,0,True,0,False,28902858034.365,,28902858034.365,4,False,True
C,A,20250101,2025,52,2025,97,,,M,,704,,,0,,,H6,HS,True,71,,,,C00,,0,0,,-1,,0,False,-1,,0,False,0,True,0,False,225042996.184,,225042996.184,4,False,True
C,A,20250101,2025,52,2025,97,,,M,,699,,,0,,,H6,HS,True,76,,,,C00,,0,0,,-1,,0,False,-1,,0,False,0,True,0,False,1034512367.15,,1034512367.15,4,False,True
C,A,20250101,2025,52,2025,97,,,M,,0,,,0,,,H6,HS,True,57,,,,C00,,0,0,,-1,,0,False,-1,,0,False,0,True,0,False,2147591547.559,,2147591547.559,4,False,True
C,A,20250101,2025,52,2025,97,,,M,,704,,,0,,,H6,HS,True,04,,,,C00,,0,0,,-1,,0,False,-1,,0,False,0,True,0,False,8526722.716,,8526722.716,4,False,True
C,A,20250101,2025,52,2025,97,,,M,,50,,,0,,,H6,HS,True,94,,,,C00,,0,0,,-1,,0,False,-1,,0,False,0,True,0,False,25229754.215,,25229754.215,4,False,True
C,A,20250101,2025,52,2025,97,,,M,,704,,,0,,,H6,HS,True,35,,,,C00,,0,0,,-1,,0,False,-1,,0,False,0,True,0,False,17211022.012,,17211022.012,4,False,True
C,A,20250101,2025,52,2025,97,,,M,,0,,,0,,,H6,HS,True,92,,,,C00,,0,0,,-1,,0,False,-1,,0,False,0,True,0,False,1441201817.748,,1441201817.748,4,False,True
C,A,20250101,2025,52,2025,97,,,M,,50,,,0,,,H6,HS,True,26,,,,C00,,0,0,,-1,,0,False,-1,,0,False,0,True,0,False,26628.053,,26628.053,4,False,True
C,A,20250101,2025,52,2025,97,,,M,,50,,,0,,,H6,HS,True,92,,,,C00,,0,0,,-1,,0,False,-1,,0,False,0,True,0,False,1339.586,,1339.586,4,False,True
C,A,20250101,2025,52,2025,97,,,M,,0,,,0,,,H6,HS,True,84,,,,C00,,0,0,,-1,,0,False,-1,,0,False,0,True,0,False,348076956459.452,,348076956459.452,4,False,True
C,A,20250101,2025,52,2025,97,,,M,,156,,,0,,,H6,HS,True,92,,,,C00,,0,0,,-1,,0,False,-1,,0,False,0,True,0,False,552252139.042,,552252139.042,4,False,True
C,A,20250101,2025,52,2025,97,,,M,,156,,,0,,,H6,HS,True,37,,,,C00,,0,0,,-1,,0,False,-1,,0,False,0,True,0,False,294881887.685,,294881887.685,4,False,True
C,A,20250101,2025,52,2025,97,,,M,,699,,,0,,,H6,HS,True,05,,,,C00,,0,0,,-1,,0,False,-1,,0,False,0,True,0,False,18373552.409,,18373552.409,4,False,True
C,A,20250101,2025,52,2025,97,,,M,,699,,,0,,,H6,HS,True,48,,,,C00,,0,0,,-1,,0,False,-1,,0,False,0,True,0,False,214382013.251,,214382013.251,4,False,True
C,A,20250101,2025,52,2025,97,,,M,,156,,,0,,,H6,HS,True,36,,,,C00,,0,0,,-1,,0,False,-1,,0,False,0,True,0,False,454451379.622,,454451379.622,4,False,True
C,A,20250101,2025,52,2025,97,,,M,,0,,,0,,,H6,HS,True,14,,,,C00,,0,0,,-1,,0,False,-1,,0,False,0,True,0,False,356825861.809,,356825861.809,4,False,True
C,A,20250101,2025,52,2025,97,,,M,,699,,,0,,,H6,HS,True,57,,,,C00,,0,0,,-1,,0,False,-1,,0,False,0,False,0,False,450795341.919,,450795341.919,0,False,True
C,A,20250101,2025,52,2025,97,,,M,,50,,,0,,,H6,HS,True,86,,,,C00,,0,0,,-1,,0,False,-1,,0,False,0,False,0,False,250.348,,250.348,0,False,True
C,A,20250101,2025,52,2025,97,,,M,,699,,,0,,,H6,HS,True,89,,,,C00,,0,0,,-1,,0,False,-1,,0,False,,False,0,False,43036473.536,,43036473.536,0,False,True
C,A,20250101,2025,52,2025,97,,,M,,0,,,0,,,H6,HS,True,91,,,,C00,,0,0,,-1,,0,False,-1,,0,False,,False,0,False,9509999482.953,,9509999482.953,0,False,True
C,A,20250101,2025,52,2025,97,,,M,,0,,,0,,,H6,HS,True,68,,,,C00,,0,0,,-1,,0,False,-1,,0,False,,False,0,False,5810177393.884,,5810177393.884,0,False,True
C,A,20250101,2025,52,2025,97,,,M,,50,,,0,,,H6,HS,True,10,,,,C00,,0,0,,-1,,0,False,-1,,0,False,0,False,0,False,3274316.254,,3274316.254,0,False,True
C,A,20250101,2025,52,2025,97,,,M,,699,,,0,,,H6,HS,True,79,,,,C00,,0,0,,-1,,0,False,-1,,0,False,0,False,0,False,13547731.065,,13547731.065,0,False,True
C,A,20250101,2025,52,2025,97,,,M,,50,,,0,,,H6,HS,True,81,,,,C00,,0,0,,-1,,0,False,-1,,0,False,0,False,0,False,359.335,,359.335,0,False,True
C,A,20250101,2025,52,2025,97,,,M,,50,,,0,,,H6,HS,True,03,,,,C00,,0,0,,-1,,0,False,-1,,0,False,0,False,0,False,170833199.46,,170833199.46,0,False,True
C,A,20250101,2025,52,2025,97,,,M,,704,,,0,,,H6,HS,True,78,,,,C00,,0,0,,-1,,0,False,-1,,0,False,0,False,0,False,40290.011,,40290.011,0,False,True
C,A,20250101,2025,52,2025,97,,,M,,50,,,0,,,H6,HS,True,24,,,,C00,,0,0,,-1,,0,False,-1,,0,False,0,False,0,False,139345559.097,,139345559.097,0,False,True
C,A,20250101,2025,52,2025,97,,,M,,704,,,0,,,H6,HS,True,36,,,,C00,,0,0,,-1,,0,False,-1,,0,False,0,False,0,False,47382945.557,,47382945.557,0,False,True
C,A,20250101,2025,52,2025,97,,,M,,50,,,0,,,H6,HS,True,45,,,,C00,,0,0,,-1,,0,False,-1,,0,False,0,False,0,False,74.579,,74.579,0,False,True
C,A,20250101,2025,52,2025,97,,,M,,699,,,0,,,H6,HS,True,86,,,,C00,,0,0,,-1,,0,False,-1,,0,False,0,False,0,False,99591905.907,,99591905.907,0,False,True
C,A,20250101,2025,52,2025,97,,,M,,0,,,0,,,H6,HS,True,03,,,,C00,,0,0,,-1,,0,False,-1,,0,False,0,True,0,False,29229248540.728,,29229248540.728,4,False,True
C,A,20250101,2025,52,2025,97,,,M,,699,,,0,,,H6,HS,True,44,,,,C00,,0,0,,-1,,0,False,-1,,0,False,0,True,0,False,116151255.896,,116151255.896,4,False,True
C,A,20250101,2025,52,2025,97,,,M,,704,,,0,,,H6,HS,True,85,,,,C00,,0,0,,-1,,0,False,-1,,0,False,0,True,0,False,26984296680.248,,26984296680.248,4,False,True
C,A,20250101,2025,52,2025,97,,,M,,156,,,0,,,H6,HS,True,84,,,,C00,,0,0,,-1,,0,False,-1,,0,False,0,True,0,False,120322926978.917,,120322926978.917,4,False,True
C,A,20250101,2025,52,2025,97,,,M,,50,,,0,,,H6,HS,True,25,,,,C00,,0,0,,-1,,0,False,-1,,0,False,0,True,0,False,24749.38,,24749.38,4,False,True
C,A,20250101,2025,52,2025,97,,,M,,704,,,0,,,H6,HS,True,05,,,,C00,,0,0,,-1,,0,False,-1,,0,False,0,True,0,False,24827067.386,,24827067.386,4,False,True
C,A,20250101,2025,52,2025,97,,,M,,0,,,0,,,H6,HS,True,02,,,,C00,,0,0,,-1,,0,False,-1,,0,False,0,True,0,False,7446116503.468,,7446116503.468,4,False,True
C,A,20250101,2025,52,2025,97,,,M,,704,,,0,,,H6,HS,True,19,,,,C00,,0,0,,-1,,0,False,-1,,0,False,0,True,0,False,192776735.163,,192776735.163,4,False,True
C,A,20250101,2025,52,2025,97,,,M,,699,,,0,,,H6,HS,True,87,,,,C00,,0,0,,-1,,0,False,-1,,0,False,0,True,0,False,2493506479.239,,2493506479.239,4,False,True
C,A,20250101,2025,52,2025,97,,,M,,704,,,0,,,H6,HS,True,38,,,,C00,,0,0,,-1,,0,False,-1,,0,False,0,True,0,False,124370176.401,,124370176.401,4,False,True
C,A,20250101,2025,52,2025,97,,,M,,699,,,0,,,H6,HS,True,30,,,,C00,,0,0,,-1,,0,False,-1,,0,False,0,True,0,False,3315771300.409,,3315771300.409,4,False,True
C,A,20250101,2025,52,2025,97,,,M,,0,,,0,,,H6,HS,True,76,,,,C00,,0,0,,-1,,0,False,-1,,0,False,0,True,0,False,36615547143.767,,36615547143.767,4,False,True
C,A,20250101,2025,52,2025,97,,,M,,704,,,0,,,H6,HS,True,65,,,,C00,,0,0,,-1,,0,False,-1,,0,False,0,True,0,False,221367618.942,,221367618.942,4,False,True
C,A,20250101,2025,52,2025,97,,,M,,699,,,0,,,H6,HS,True,95,,,,C00,,0,0,,-1,,0,False,-1,,0,False,0,True,0,False,148645707.125,,148645707.125,4,False,True
C,A,20250101,2025,52,2025,97,,,M,,704,,,0,,,H6,HS,True,23,,,,C00,,0,0,,-1,,0,False,-1,,0,False,0,True,0,False,15519346.3,,15519346.3,4,False,True
C,A,20250101,2025,52,2025,97,,,M,,50,,,0,,,H6,HS,True,54,,,,C00,,0,0,,-1,,0,False,-1,,0,False,0,True,0,False,111770.843,,111770.843,4,False,True
C,A,20250101,2025,52,2025,97,,,M,,156,,,0,,,H6,HS,True,58,,,,C00,,0,0,,-1,,0,False,-1,,0,False,0,True,0,False,509652693.083,,509652693.083,4,False,True
C,A,20250101,2025,52,2025,97,,,M,,0,,,0,,,H6,HS,True,50,,,,C00,,0,0,,-1,,0,False,-1,,0,False,0,True,0,False,340923790.174,,340923790.174,4,False,True
C,A,20250101,2025,52,2025,97,,,M,,156,,,0,,,H6,HS,True,24,,,,C00,,0,0,,-1,,0,False,-1,,0,False,0,True,0,False,1670850875.487,,1670850875.487,4,False,True
C,A,20250101,2025,52,2025,97,,,M,,704,,,0,,,H6,HS,True,50,,,,C00,,0,0,,-1,,0,False,-1,,0,False,0,True,0,False,4267872.244,,4267872.244,4,False,True
C,A,20250101,2025,52,2025,97,,,M,,699,,,0,,,H6,HS,True,26,,,,C00,,0,0,,-1,,0,False,-1,,0,False,0,True,0,False,19959208.962,,19959208.962,4,False,True
C,A,20250101,2025,52,2025,97,,,M,,50,,,0,,,H6,HS,True,38,,,,C00,,0,0,,-1,,0,False,-1,,0,False,0,True,0,False,32776.057,,32776.057,4,False,True
C,A,20250101,2025,52,2025,97,,,M,,156,,,0,,,H6,HS,True,41,,,,C00,,0,0,,-1,,0,False,-1,,0,False,0,True,0,False,162138786.801,,162138786.801,4,False,True
C,A,20250101,2025,52,2025,97,,,M,,0,,,0,,,H6,HS,True,37,,,,C00,,0,0,,-1,,0,False,-1,,0,False,0,True,0,False,1674294580.189,,1674294580.189,4,False,True
C,A,20250101,2025,52,2025,97,,,M,,704,,,0,,,H6,HS,True,43,,,,C00,,0,0,,-1,,0,False,-1,,0,False,0,True,0,False,1415511.186,,1415511.186,4,False,True
C,A,20250101,2025,52,2025,97,,,M,,699,,,0,,,H6,HS,True,11,,,,C00,,0,0,,-1,,0,False,-1,,0,False,0,True,0,False,20123044.655,,20123044.655,4,False,True
C,A,20250101,2025,52,2025,97,,,M,,156,,,0,,,H6,HS,True,72,,,,C00,,0,0,,-1,,0,False,-1,,0,False,0,True,0,False,4742046371.097,,4742046371.097,4,False,True
C,A,20250101,2025,52,2025,97,,,M,,0,,,0,,,H6,HS,True,95,,,,C00,,0,0,,-1,,0,False,-1,,0,False,0,True,0,False,23891770239.495,,23891770239.495,4,False,True
C,A,20250101,2025,52,2025,97,,,M,,50,,,0,,,H6,HS,True,84,,,,C00,,0,0,,-1,,0,False,-1,,0,False,0,True,0,False,7887906.988,,7887906.988,4,False,True
C,A,20250101,2025,52,2025,97,,,M,,50,,,0,,,H6,HS,True,37,,,,C00,,0,0,,-1,,0,False,-1,,0,False,0,True,0,False,1101.056,,1101.056,4,False,True
C,A,20250101,2025,52,2025,97,,,M,,0,,,0,,,H6,HS,True,66,,,,C00,,0,0,,-1,,0,False,-1,,0,False,0,True,0,False,784691648.111,,784691648.111,4,False,True
C,A,20250101,2025,52,2025,97,,,M,,156,,,0,,,H6,HS,True,73,,,,C00,,0,0,,-1,,0,False,-1,,0,False,0,True,0,False,15749746284.614,,15749746284.614,4,False,True
C,A,20250101,2025,52,2025,97,,,M,,704,,,0,,,H6,HS,True,76,,,,C00,,0,0,,-1,,0,False,-1,,0,False,0,True,0,False,114221426.176,,114221426.176,4,False,True
C,A,20250101,2025,52,2025,97,,,M,,0,,,0,,,H6,HS,True,94,,,,C00,,0,0,,-1,,0,False,-1,,0,False,0,True,0,False,37944023298.435,,37944023298.435,4,False,True
C,A,20250101,2025,52,2025,97,,,M,,156,,,0,,,H6,HS,True,07,,,,C00,,0,0,,-1,,0,False,-1,,0,False,0,True,0,False,831416647.714,,831416647.714,4,False,True
C,A,20250101,2025,52,2025,97,,,M,,0,,,0,,,H6,HS,True,97,,,,C00,,0,0,,-1,,0,False,-1,,0,False,0,True,0,False,4769140889.366,,4769140889.366,4,False,True
C,A,20250101,2025,52,2025,97,,,M,,699,,,0,,,H6,HS,True,22,,,,C00,,0,0,,-1,,0,False,-1,,0,False,0,True,0,False,7407023.976,,7407023.976,4,False,True
C,A,20250101,2025,52,2025,97,,,M,,699,,,0,,,H6,HS,True,17,,,,C00,,0,0,,-1,,0,False,-1,,0,False,0,True,0,False,24393621.47,,24393621.47,4,False,True
C,A,20250101,2025,52,2025,97,,,M,,699,,,0,,,H6,HS,True,65,,,,C00,,0,0,,-1,,0,False,-1,,0,False,0,True,0,False,18953846.687,,18953846.687,4,False,True
C,A,20250101,2025,52,2025,97,,,M,,50,,,0,,,H6,HS,True,75,,,,C00,,0,0,,-1,,0,False,-1,,0,False,0,True,0,False,4932.426,,4932.426,4,False,True
C,A,20250101,2025,52,2025,97,,,M,,704,,,0,,,H6,HS,True,28,,,,C00,,0,0,,-1,,0,False,-1,,0,False,0,True,0,False,104022016.693,,104022016.693,4,False,True
C,A,20250101,2025,52,2025,97,,,M,,50,,,0,,,H6,HS,True,48,,,,C00,,0,0,,-1,,0,False,-1,,0,False,0,True,0,False,2091622.611,,2091622.611,4,False,True
C,A,20250101,2025,52,2025,97,,,M,,156,,,0,,,H6,HS,True,63,,,,C00,,0,0,,-1,,0,False,-1,,0,False,0,True,0,False,5526337283.711,,5526337283.711,4,False,True
C,A,20250101,2025,52,2025,97,,,M,,699,,,0,,,H6,HS,True,62,,,,C00,,0,0,,-1,,0,False,-1,,0,False,0,True,0,False,2477880691.514,,2477880691.514,4,False,True
C,A,20250101,2025,52,2025,97,,,M,,0,,,0,,,H6,HS,True,25,,,,C00,,0,0,,-1,,0,False,-1,,0,False,0,True,0,False,6810073955.007,,6810073955.007,4,False,True
C,A,20250101,2025,52,2025,97,,,M,,699,,,0,,,H6,HS,True,50,,,,C00,,0,0,,-1,,0,False,-1,,0,False,0,True,0,False,13660563.491,,13660563.491,4,False,True
C,A,20250101,2025,52,2025,97,,,M,,156,,,0,,,H6,HS,True,28,,,,C00,,0,0,,-1,,0,False,-1,,0,False,0,True,0,False,2671068999.504,,2671068999.504,4,False,True
C,A,20250101,2025,52,2025,97,,,M,,704,,,0,,,H6,HS,True,33,,,,C00,,0,0,,-1,,0,False,-1,,0,False,0,True,0,False,22016924.366,,22016924.366,4,False,True
C,A,20250101,2025,52,2025,97,,,M,,50,,,0,,,H6,HS,True,83,,,,C00,,0,0,,-1,,0,False,-1,,0,False,0,True,0,False,359094.157,,359094.157,4,False,True
C,A,20250101,2025,52,2025,97,,,M,,0,,,0,,,H6,HS,True,48,,,,C00,,0,0,,-1,,0,False,-1,,0,False,0,True,0,False,11871544108.599,,11871544108.599,4,False,True
C,A,20250101,2025,52,2025,97,,,M,,156,,,0,,,H6,HS,True,16,,,,C00,,0,0,,-1,,0,False,-1,,0,False,0,True,0,False,597072813.061,,597072813.061,4,False,True
C,A,20250101,2025,52,2025,97,,,M,,704,,,0,,,H6,HS,True,73,,,,C00,,0,0,,-1,,0,False,-1,,0,False,0,True,0,False,952557667.553,,952557667.553,4,False,True
C,A,20250101,2025,52,2025,97,,,M,,156,,,0,,,H6,HS,True,78,,,,C00,,0,0,,-1,,0,False,-1,,0,False,0,True,0,False,4310086.984,,4310086.984,4,False,True
C,A,20250101,2025,52,2025,97,,,M,,50,,,0,,,H6,HS,True,41,,,,C00,,0,0,,-1,,0,False,-1,,0,False,0,True,0,False,18842729.2,,18842729.2,4,False,True
C,A,20250101,2025,52,2025,97,,,M,,699,,,0,,,H6,HS,True,71,,,,C00,,0,0,,-1,,0,False,-1,,0,False,0,True,0,False,2852138422.196,,2852138422.196,4,False,True
C,A,20250101,2025,52,2025,97,,,M,,156,,,0,,,H6,HS,True,57,,,,C00,,0,0,,-1,,0,False,-1,,0,False,0,True,0,False,565504939.113,,565504939.113,4,False,True
C,A,20250101,2025,52,2025,97,,,M,,699,,,0,,,H6,HS,True,12,,,,C00,,0,0,,-1,,0,False,-1,,0,False,0,True,0,False,361377472.317,,361377472.317,4,False,True
C,A,20250101,2025,52,2025,97,,,M,,704,,,0,,,H6,HS,True,79,,,,C00,,0,0,,-1,,0,False,-1,,0,False,0,True,0,False,950281.351,,950281.351,4,False,True
C,A,20250101,2025,52,2025,97,,,M,,0,,,0,,,H6,HS,True,67,,,,C00,,0,0,,-1,,0,False,-1,,0,False,0,True,0,False,1309115679.935,,1309115679.935,4,False,True
C,A,20250101,2025,52,2025,97,,,M,,704,,,0,,,H6,HS,True,82,,,,C00,,0,0,,-1,,0,False,-1,,0,False,0,True,0,False,215932938.151,,215932938.151,4,False,True
C,A,20250101,2025,52,2025,97,,,M,,0,,,0,,,H6,HS,True,43,,,,C00,,0,0,,-1,,0,False,-1,,0,False,0,True,0,False,272813164.483,,272813164.483,4,False,True
C,A,20250101,2025,52,2025,97,,,M,,0,,,0,,,H6,HS,True,75,,,,C00,,0,0,,-1,,0,False,-1,,0,False,0,True,0,False,5652599957.825,,5652599957.825,4,False,True
C,A,20250101,2025,52,2025,97,,,M,,704,,,0,,,H6,HS,True,09,,,,C00,,0,0,,-1,,0,False,-1,,0,False,0,True,0,False,3703934694.92,,3703934694.92,4,False,True
C,A,20250101,2025,52,2025,97,,,M,,704,,,0,,,H6,HS,True,72,,,,C00,,0,0,,-1,,0,False,-1,,0,False,0,True,0,False,1936837457.871,,1936837457.871,4,False,True
C,A,20250101,2025,52,2025,97,,,M,,704,,,0,,,H6,HS,True,89,,,,C00,,0,0,,-1,,0,False,-1,,0,False,0,True,0,False,238666778.06,,238666778.06,4,False,True
C,A,20250101,2025,52,2025,97,,,M,,50,,,0,,,H6,HS,True,61,,,,C00,,0,0,,-1,,0,False,-1,,0,False,0,True,0,False,13275986501.044,,13275986501.044,4,False,True
C,A,20250101,2025,52,2025,97,,,M,,50,,,0,,,H6,HS,True,85,,,,C00,,0,0,,-1,,0,False,-1,,0,False,0,True,0,False,2036336.847,,2036336.847,4,False,True
C,A,20250101,2025,52,2025,97,,,M,,704,,,0,,,H6,HS,True,62,,,,C00,,0,0,,-1,,0,False,-1,,0,False,0,True,0,False,2835878892.832,,2835878892.832,4,False,True
C,A,20250101,2025,52,2025,97,,,M,,0,,,0,,,H6,HS,True,07,,,,C00,,0,0,,-1,,0,False,-1,,0,False,0,True,0,False,7598696666.043,,7598696666.043,4,False,True
C,A,20250101,2025,52,2025,97,,,M,,50,,,0,,,H6,HS,True,46,,,,C00,,0,0,,-1,,0,False,-1,,0,False,0,True,0,False,25803623.738,,25803623.738,4,False,True
C,A,20250101,2025,52,2025,97,,,M,,50,,,0,,,H6,HS,True,71,,,,C00,,0,0,,-1,,0,False,-1,,0,False,0,True,0,False,1587158.655,,1587158.655,4,False,True
C,A,20250101,2025,52,2025,97,,,M,,156,,,0,,,H6,HS,True,83,,,,C00,,0,0,,-1,,0,False,-1,,0,False,0,True,0,False,5193810374.967,,5193810374.967,4,False,True
C,A,20250101,2025,52,2025,97,,,M,,50,,,0,,,H6,HS,True,97,,,,C00,,0,0,,-1,,0,False,-1,,0,False,0,True,0,False,5743.679,,5743.679,4,False,True
C,A,20250101,2025,52,2025,97,,,M,,0,,,0,,,H6,HS,True,11,,,,C00,,0,0,,-1,,0,False,-1,,0,False,0,True,0,False,599840940.603,,599840940.603,4,False,True
C,A,20250101,2025,52,2025,97,,,M,,704,,,0,,,H6,HS,True,97,,,,C00,,0,0,,-1,,0,False,-1,,0,False,0,True,0,False,606242.273,,606242.273,4,False,True
C,A,20250101,2025,52,2025,97,,,M,,50,,,0,,,H6,HS,True,30,,,,C00,,0,0,,-1,,0,False,-1,,0,False,0,True,0,False,2319106.704,,2319106.704,4,False,True
C,A,20250101,2025,52,2025,97,,,M,,156,,,0,,,H6,HS,True,59,,,,C00,,0,0,,-1,,0,False,-1,,0,False,0,True,0,False,805579421.727,,805579421.727,4,False,True
C,A,20250101,2025,52,2025,97,,,M,,0,,,0,,,H6,HS,True,61,,,,C00,,0,0,,-1,,0,False,-1,,0,False,0,True,0,False,53129150576.992,,53129150576.992,4,False,True
C,A,20250101,2025,52,2025,97,,,M,,699,,,0,,,H6,HS,True,81,,,,C00,,0,0,,-1,,0,False,-1,,0,False,0,True,0,False,71409903.475,,71409903.475,4,False,True
C,A,20250101,2025,52,2025,97,,,M,,0,,,0,,,H6,HS,True,65,,,,C00,,0,0,,-1,,0,False,-1,,0,False,0,True,0,False,2676630141.433,,2676630141.433,4,False,True
C,A,20250101,2025,52,2025,97,,,M,,704,,,0,,,H6,HS,True,83,,,,C00,,0,0,,-1,,0,False,-1,,0,False,0,True,0,False,96048652.988,,96048652.988,4,False,True
C,A,20250101,2025,52,2025,97,,,M,,156,,,0,,,H6,HS,True,91,,,,C00,,0,0,,-1,,0,False,-1,,0,False,0,True,0,False,1358622955.834,,1358622955.834,4,False,True
C,A,20250101,2025,52,2025,97,,,M,,0,,,0,,,H6,HS,True,26,,,,C00,,0,0,,-1,,0,False,-1,,0,False,0,True,0,False,29757622289.663,,29757622289.663,4,False,True
C,A,20250101,2025,52,2025,97,,,M,,50,,,0,,,H6,HS,True,42,,,,C00,,0,0,,-1,,0,False,-1,,0,False,0,True,0,False,104005155.069,,104005155.069,4,False,True
C,A,20250101,2025,52,2025,97,,,M,,0,,,0,,,H6,HS,True,13,,,,C00,,0,0,,-1,,0,False,-1,,0,False,0,True,0,False,1579864009.397,,1579864009.397,4,False,True
C,A,20250101,2025,52,2025,97,,,M,,704,,,0,,,H6,HS,True,57,,,,C00,,0,0,,-1,,0,False,-1,,0,False,0,True,0,False,118642232.171,,118642232.171,4,False,True
C,A,20250101,2025,52,2025,97,,,M,,0,,,0,,,H6,HS,True,87,,,,C00,,0,0,,-1,,0,False,-1,,0,False,0,True,0,False,158715711259.51,,158715711259.51,4,False,True
C,A,20250101,2025,52,2025,97,,,M,,699,,,0,,,H6,HS,True,34,,,,C00,,0,0,,-1,,0,False,-1,,0,False,0,True,0,False,95277300.516,,95277300.516,4,False,True
C,A,20250101,2025,52,2025,97,,,M,,0,,,0,,,H6,HS,True,86,,,,C00,,0,0,,-1,,0,False,-1,,0,False,0,True,0,False,3968706259.741,,3968706259.741,4,False,True
C,A,20250101,2025,52,2025,97,,,M,,156,,,0,,,H6,HS,True,94,,,,C00,,0,0,,-1,,0,False,-1,,0,False,0,True,0,False,24100202087.294,,24100202087.294,4,False,True
C,A,20250101,2025,52,2025,97,,,M,,699,,,0,,,H6,HS,True,74,,,,C00,,0,0,,-1,,0,False,-1,,0,False,0,True,0,False,193223728.191,,193223728.191,4,False,True
C,A,20250101,2025,52,2025,97,,,M,,50,,,0,,,H6,HS,True,23,,,,C00,,0,0,,-1,,0,False,-1,,0,False,0,True,0,False,1735.233,,1735.233,4,False,True
C,A,20250101,2025,52,2025,97,,,M,,50,,,0,,,H6,HS,True,76,,,,C00,,0,0,,-1,,0,False,-1,,0,False,0,True,0,False,8448199.549,,8448199.549,4,False,True
C,A,20250101,2025,52,2025,97,,,M,,704,,,0,,,H6,HS,True,81,,,,C00,,0,0,,-1,,0,False,-1,,0,False,0,True,0,False,129761872.042,,129761872.042,4,False,True
C,A,20250101,2025,52,2025,97,,,M,,699,,,0,,,H6,HS,True,46,,,,C00,,0,0,,-1,,0,False,-1,,0,False,0,True,0,False,19534725.093,,19534725.093,4,False,True
C,A,20250101,2025,52,2025,97,,,M,,50,,,0,,,H6,HS,True,17,,,,C00,,0,0,,-1,,0,False,-1,,0,False,0,True,0,False,257131.475,,257131.475,4,False,True
C,A,20250101,2025,52,2025,97,,,M,,156,,,0,,,H6,HS,True,43,,,,C00,,0,0,,-1,,0,False,-1,,0,False,0,True,0,False,96848254.468,,96848254.468,4,False,True
C,A,20250101,2025,52,2025,97,,,M,,156,,,0,,,H6,HS,True,52,,,,C00,,0,0,,-1,,0,False,-1,,0,False,0,True,0,False,366350274.243,,366350274.243,4,False,True
C,A,20250101,2025,52,2025,97,,,M,,0,,,0,,,H6,HS,True,79,,,,C00,,0,0,,-1,,0,False,-1,,0,False,0,True,0,False,1017038556.001,,1017038556.001,4,False,True
C,A,20250101,2025,52,2025,97,,,M,,699,,,0,,,H6,HS,True,19,,,,C00,,0,0,,-1,,0,False,-1,,0,False,0,True,0,False,44747247.044,,44747247.044,4,False,True
C,A,20250101,2025,52,2025,97,,,M,,156,,,0,,,H6,HS,True,90,,,,C00,,0,0,,-1,,0,False,-1,,0,False,0,True,0,False,18120692236.685,,18120692236.685,4,False,True
C,A,20250101,2025,52,2025,97,,,M,,704,,,0,,,H6,HS,True,40,,,,C00,,0,0,,-1,,0,False,-1,,0,False,0,True,0,False,850175189.176,,850175189.176,4,False,True
C,A,20250101,2025,52,2025,97,,,M,,704,,,0,,,H6,HS,True,44,,,,C00,,0,0,,-1,,0,False,-1,,0,False,0,True,0,False,294297758.832,,294297758.832,4,False,True
C,A,20250101,2025,52,2025,97,,,M,,50,,,0,,,H6,HS,True,15,,,,C00,,0,0,,-1,,0,False,-1,,0,False,0,True,0,False,1982504.317,,1982504.317,4,False,True
C,A,20250101,2025,52,2025,97,,,M,,0,,,0,,,H6,HS,True,28,,,,C00,,0,0,,-1,,0,False,-1,,0,False,0,True,0,False,21999674610.687,,21999674610.687,4,False,True
C,A,20250101,2025,52,2025,97,,,M,,156,,,0,,,H6,HS,True,33,,,,C00,,0,0,,-1,,0,False,-1,,0,False,0,True,0,False,1786299286.78,,1786299286.78,4,False,True
C,A,20250101,2025,52,2025,97,,,M,,704,,,0,,,H6,HS,True,17,,,,C00,,0,0,,-1,,0,False,-1,,0,False,0,True,0,False,5683590.073,,5683590.073,4,False,True
C,A,20250101,2025,52,2025,97,,,M,,0,,,0,,,H6,HS,True,42,,,,C00,,0,0,,-1,,0,False,-1,,0,False,0,True,0,False,12973402227.412,,12973402227.412,4,False,True
C,A,20250101,2025,52,2025,97,,,M,,156,,,0,,,H6,HS,True,11,,,,C00,,0,0,,-1,,0,False,-1,,0,False,0,True,0,False,9479214.488,,9479214.488,4,False,True
C,A,20250101,2025,52,2025,97,,,M,,0,,,0,,,H6,HS,True,59,,,,C00,,0,0,,-1,,0,False,-1,,0,False,0,True,0,False,2033220538.361,,2033220538.361,4,False,True
C,A,20250101,2025,52,2025,97,,,M,,699,,,0,,,H6,HS,True,94,,,,C00,,0,0,,-1,,0,False,-1,,0,False,0,True,0,False,744523629.356,,744523629.356,4,False,True
C,A,20250101,2025,52,2025,97,,,M,,0,,,0,,,H6,HS,True,51,,,,C00,,0,0,,-1,,0,False,-1,,0,False,0,True,0,False,1557577992.595,,1557577992.595,4,False,True
C,A,20250101,2025,52,2025,97,,,M,,704,,,0,,,H6,HS,True,94,,,,C00,,0,0,,-1,,0,False,-1,,0,False,0,True,0,False,1127410197.027,,1127410197.027,4,False,True
C,A,20250101,2025,52,2025,97,,,M,,156,,,0,,,H6,HS,True,79,,,,C00,,0,0,,-1,,0,False,-1,,0,False,0,True,0,False,144907541.137,,144907541.137,4,False,True
C,A,20250101,2025,52,2025,97,,,M,,0,,,0,,,H6,HS,True,09,,,,C00,,0,0,,-1,,0,False,-1,,0,False,0,True,0,False,23781949385.228,,23781949385.228,4,False,True
C,A,20250101,2025,52,2025,97,,,M,,0,,,0,,,H6,HS,True,17,,,,C00,,0,0,,-1,,0,False,-1,,0,False,0,True,0,False,2575532199.575,,2575532199.575,4,False,True
C,A,20250101,2025,52,2025,97,,,M,,704,,,0,,,H6,HS,True,66,,,,C00,,0,0,,-1,,0,False,-1,,0,False,0,True,0,False,2758053.304,,2758053.304,4,False,True
C,A,20250101,2025,52,2025,97,,,M,,699,,,0,,,H6,HS,True,70,,,,C00,,0,0,,-1,,0,False,-1,,0,False,0,True,0,False,234068524.331,,234068524.331,4,False,True
C,A,20250101,2025,52,2025,97,,,M,,156,,,0,,,H6,HS,True,29,,,,C00,,0,0,,-1,,0,False,-1,,0,False,0,True,0,False,38541187768.521,,38541187768.521,4,False,True
C,A,20250101,2025,52,2025,97,,,M,,50,,,0,,,H6,HS,True,55,,,,C00,,0,0,,-1,,0,False,-1,,0,False,0,True,0,False,727923.006,,727923.006,4,False,True
C,A,20250101,2025,52,2025,97,,,M,,699,,,0,,,H6,HS,True,04,,,,C00,,0,0,,-1,,0,False,-1,,0,False,0,True,0,False,5245391.786,,5245391.786,4,False,True
C,A,20250101,2025,52,2025,97,,,M,,699,,,0,,,H6,HS,True,13,,,,C00,,0,0,,-1,,0,False,-1,,0,False,0,True,0,False,254764122.206,,254764122.206,4,False,True
C,A,20250101,2025,52,2025,97,,,M,,0,,,0,,,H6,HS,True,88,,,,C00,,0,0,,-1,,0,False,-1,,0,False,,False,0,False,48885389249.267,,48885389249.267,0,False,True
C,A,20250101,2025,52,2025,97,,,M,,50,,,0,,,H6,HS,True,78,,,,C00,,0,0,,-1,,0,False,-1,,0,False,0,False,0,False,16603.972,,16603.972,0,False,True
C,A,20250101,2025,52,2025,97,,,M,,0,,,0,,,H6,HS,True,99,,,,C00,,0,0,,-1,,0,False,-1,,0,False,0,False,0,False,12963132198.945,,12963132198.945,0,False,True
C,A,20250101,2025,52,2025,97,,,M,,50,,,0,,,H6,HS,True,28,,,,C00,,0,0,,-1,,0,False,-1,,0,False,0,False,0,False,180321.579,,180321.579,0,False,True
C,A,20250101,2025,52,2025,97,,,M,,50,,,0,,,H6,HS,True,99,,,,C00,,0,0,,-1,,0,False,-1,,0,False,0,False,0,False,179636.437,,179636.437,0,False,True
C,A,20250101,2025,52,2025,97,,,M,,50,,,0,,,H6,HS,True,16,,,,C00,,0,0,,-1,,0,False,-1,,0,False,0,False,0,False,7005378.437,,7005378.437,0,False,True
C,A,20250101,2025,52,2025,97,,,M,,704,,,0,,,H6,HS,True,02,,,,C00,,0,0,,-1,,0,False,-1,,0,False,0,False,0,False,18229972.76,,18229972.76,0,False,True
C,A,20250101,2025,52,2025,97,,,M,,50,,,0,,,H6,HS,True,14,,,,C00,,0,0,,-1,,0,False,-1,,0,False,0,False,0,False,37354.371,,37354.371,0,False,True
C,A,20250101,2025,52,2025,97,,,M,,50,,,0,,,H6,HS,True,88,,,,C00,,0,0,,-1,,0,False,-1,,0,False,0,False,0,False,36758.652,,36758.652,0,False,True
C,A,20250101,2025,52,2025,97,,,M,,50,,,0,,,H6,HS,True,04,,,,C00,,0,0,,-1,,0,False,-1,,0,False,0,False,0,False,359.335,,359.335,0,False,True
C,A,20250101,2025,52,2025,97,,,M,,50,,,0,,,H6,HS,True,89,,,,C00,,0,0,,-1,,0,False,-1,,0,False,0,False,0,False,82958.33,,82958.33,0,False,True
C,A,20250101,2025,52,2025,97,,,M,,156,,,0,,,H6,HS,True,14,,,,C00,,0,0,,-1,,0,False,-1,,0,False,0,False,0,False,109035830.001,,109035830.001,0,False,True
C,A,20250101,2025,52,2025,97,,,M,,704,,,0,,,H6,HS,True,06,,,,C00,,0,0,,-1,,0,False,-1,,0,False,0,False,0,False,14091296.714,,14091296.714,0,False,True
C,A,20250101,2025,52,2025,97,,,M,,704,,,0,,,H6,HS,True,31,,,,C00,,0,0,,-1,,0,False,-1,,0,False,0,False,0,False,1544310.668,,1544310.668,0,False,True
C,A,20250101,2025,52,2025,97,,,M,,704,,,0,,,H6,HS,True,80,,,,C00,,0,0,,-1,,0,False,-1,,0,False,0,False,0,False,1366.251,,1366.251,0,False,True
C,A,20250101,2025,52,2025,97,,,M,,50,,,0,,,H6,HS,True,20,,,,C00,,0,0,,-1,,0,False,-1,,0,False,0,False,0,False,2233316.356,,2233316.356,0,False,True
C,A,20250101,2025,52,2025,97,,,M,,50,,,0,,,H6,HS,True,05,,,,C00,,0,0,,-1,,0,False,-1,,0,False,0,False,0,False,111059.263,,111059.263,0,False,True
C,A,20250101,2025,52,2025,97,,,M,,704,,,0,,,H6,HS,True,20,,,,C00,,0,0,,-1,,0,False,-1,,0,False,0,True,0,False,241153642.771,,241153642.771,4,False,True
C,A,20250101,2025,52,2025,97,,,M,,704,,,0,,,H6,HS,True,68,,,,C00,,0,0,,-1,,0,False,-1,,0,False,0,True,0,False,89549731.032,,89549731.032,4,False,True
C,A,20250101,2025,52,2025,97,,,M,,156,,,0,,,H6,HS,True,51,,,,C00,,0,0,,-1,,0,False,-1,,0,False,0,True,0,False,513651405.858,,513651405.858,4,False,True
C,A,20250101,2025,52,2025,97,,,M,,704,,,0,,,H6,HS,True,14,,,,C00,,0,0,,-1,,0,False,-1,,0,False,0,True,0,False,1126408.687,,1126408.687,4,False,True
C,A,20250101,2025,52,2025,97,,,M,,156,,,0,,,H6,HS,True,30,,,,C00,,0,0,,-1,,0,False,-1,,0,False,0,True,0,False,6069730945.26,,6069730945.26,4,False,True
C,A,20250101,2025,52,2025,97,,,M,,704,,,0,,,H6,HS,True,29,,,,C00,,0,0,,-1,,0,False,-1,,0,False,0,True,0,False,32232517.457,,32232517.457,4,False,True
C,A,20250101,2025,52,2025,97,,,M,,699,,,0,,,H6,HS,True,45,,,,C00,,0,0,,-1,,0,False,-1,,0,False,0,True,0,False,422807.072,,422807.072,4,False,True
C,A,20250101,2025,52,2025,97,,,M,,704,,,0,,,H6,HS,True,03,,,,C00,,0,0,,-1,,0,False,-1,,0,False,0,True,0,False,622071889.226,,622071889.226,4,False,True
C,A,20250101,2025,52,2025,97,,,M,,50,,,0,,,H6,HS,True,59,,,,C00,,0,0,,-1,,0,False,-1,,0,False,0,True,0,False,30035.095,,30035.095,4,False,True
C,A,20250101,2025,52,2025,97,,,M,,156,,,0,,,H6,HS,True,23,,,,C00,,0,0,,-1,,0,False,-1,,0,False,0,True,0,False,875680340.757,,875680340.757,4,False,True
C,A,20250101,2025,52,2025,97,,,M,,0,,,0,,,H6,HS,True,54,,,,C00,,0,0,,-1,,0,False,-1,,0,False,0,True,0,False,4256718821.707,,4256718821.707,4,False,True
C,A,20250101,2025,52,2025,97,,,M,,699,,,0,,,H6,HS,True,85,,,,C00,,0,0,,-1,,0,False,-1,,0,False,0,True,0,False,11493727698.343,,11493727698.343,4,False,True
C,A,20250101,2025,52,2025,97,,,M,,699,,,0,,,H6,HS,True,33,,,,C00,,0,0,,-1,,0,False,-1,,0,False,0,True,0,False,310404161.785,,310404161.785,4,False,True
C,A,20250101,2025,52,2025,97,,,M,,50,,,0,,,H6,HS,True,56,,,,C00,,0,0,,-1,,0,False,-1,,0,False,0,True,0,False,4390429.3,,4390429.3,4,False,True
C,A,20250101,2025,52,2025,97,,,M,,0,,,0,,,H6,HS,True,56,,,,C00,,0,0,,-1,,0,False,-1,,0,False,0,True,0,False,3040478438.804,,3040478438.804,4,False,True
C,A,20250101,2025,52,2025,97,,,M,,50,,,0,,,H6,HS,True,43,,,,C00,,0,0,,-1,,0,False,-1,,0,False,0,True,0,False,160633.948,,160633.948,4,False,True
C,A,20250101,2025,52,2025,97,,,M,,156,,,0,,,H6,HS,True,50,,,,C00,,0,0,,-1,,0,False,-1,,0,False,0,True,0,False,281609278.161,,281609278.161,4,False,True
C,A,20250101,2025,52,2025,97,,,M,,0,,,0,,,H6,HS,True,55,,,,C00,,0,0,,-1,,0,False,-1,,0,False,0,True,0,False,3519548887.167,,3519548887.167,4,False,True
C,A,20250101,2025,52,2025,97,,,M,,704,,,0,,,H6,HS,True,45,,,,C00,,0,0,,-1,,0,False,-1,,0,False,0,True,0,False,838.94,,838.94,4,False,True
C,A,20250101,2025,52,2025,97,,,M,,699,,,0,,,H6,HS,True,36,,,,C00,,0,0,,-1,,0,False,-1,,0,False,0,True,0,False,63489782.265,,63489782.265,4,False,True
C,A,20250101,2025,52,2025,97,,,M,,0,,,0,,,H6,HS,True,96,,,,C00,,0,0,,-1,,0,False,-1,,0,False,0,True,0,False,5947766704.07,,5947766704.07,4,False,True
C,A,20250101,2025,52,2025,97,,,M,,0,,,0,,,H6,HS,True,49,,,,C00,,0,0,,-1,,0,False,-1,,0,False,0,True,0,False,3900591664.772,,3900591664.772,4,False,True
C,A,20250101,2025,52,2025,97,,,M,,50,,,0,,,H6,HS,True,69,,,,C00,,0,0,,-1,,0,False,-1,,0,False,0,True,0,False,26279937.31,,26279937.31,4,False,True
C,A,20250101,2025,52,2025,97,,,M,,704,,,0,,,H6,HS,True,63,,,,C00,,0,0,,-1,,0,False,-1,,0,False,0,True,0,False,394343411.154,,394343411.154,4,False,True
C,A,20250101,2025,52,2025,97,,,M,,0,,,0,,,H6,HS,True,63,,,,C00,,0,0,,-1,,0,False,-1,,0,False,0,True,0,False,13476695688.324,,13476695688.324,4,False,True
C,A,20250101,2025,52,2025,97,,,M,,156,,,0,,,H6,HS,True,55,,,,C00,,0,0,,-1,,0,False,-1,,0,False,0,True,0,False,899840534.654,,899840534.654,4,False,True
C,A,20250101,2025,52,2025,97,,,M,,50,,,0,,,H6,HS,True,80,,,,C00,,0,0,,-1,,0,False,-1,,0,False,0,True,0,False,264.416,,264.416,4,False,True
C,A,20250101,2025,52,2025,97,,,M,,156,,,0,,,H6,HS,True,18,,,,C00,,0,0,,-1,,0,False,-1,,0,False,0,True,0,False,21307492.448,,21307492.448,4,False,True
C,A,20250101,2025,52,2025,97,,,M,,699,,,0,,,H6,HS,True,20,,,,C00,,0,0,,-1,,0,False,-1,,0,False,0,True,0,False,285056223.38,,285056223.38,4,False,True
C,A,20250101,2025,52,2025,97,,,M,,156,,,0,,,H6,HS,True,95,,,,C00,,0,0,,-1,,0,False,-1,,0,False,0,True,0,False,17810161090.875,,17810161090.875,4,False,True
C,A,20250101,2025,52,2025,97,,,M,,156,,,0,,,H6,HS,True,34,,,,C00,,0,0,,-1,,0,False,-1,,0,False,0,True,0,False,931696649.157,,931696649.157,4,False,True
C,A,20250101,2025,52,2025,97,,,M,,0,,,0,,,H6,HS,True,19,,,,C00,,0,0,,-1,,0,False,-1,,0,False,0,True,0,False,5081233822.319,,5081233822.319,4,False,True
C,A,20250101,2025,52,2025,97,,,M,,156,,,0,,,H6,HS,True,26,,,,C00,,0,0,,-1,,0,False,-1,,0,False,0,True,0,False,101966524.997,,101966524.997,4,False,True
C,A,20250101,2025,52,2025,97,,,M,,0,,,0,,,H6,HS,True,36,,,,C00,,0,0,,-1,,0,False,-1,,0,False,0,True,0,False,1446021721.613,,1446021721.613,4,False,True
C,A,20250101,2025,52,2025,97,,,M,,156,,,0,,,H6,HS,True,76,,,,C00,,0,0,,-1,,0,False,-1,,0,False,0,True,0,False,4513120289.092,,4513120289.092,4,False,True
C,A,20250101,2025,52,2025,97,,,M,,156,,,0,,,H6,HS,True,68,,,,C00,,0,0,,-1,,0,False,-1,,0,False,0,True,0,False,1551535617.955,,1551535617.955,4,False,True
C,A,20250101,2025,52,2025,97,,,M,,0,,,0,,,H6,HS,True,73,,,,C00,,0,0,,-1,,0,False,-1,,0,False,0,True,0,False,39715156782.237,,39715156782.237,4,False,True
C,A,20250101,2025,52,2025,97,,,M,,704,,,0,,,H6,HS,True,70,,,,C00,,0,0,,-1,,0,False,-1,,0,False,0,True,0,False,30481524.84,,30481524.84,4,False,True
C,A,20250101,2025,52,2025,97,,,M,,156,,,0,,,H6,HS,True,93,,,,C00,,0,0,,-1,,0,False,-1,,0,False,0,True,0,False,95033900.542,,95033900.542,4,False,True
C,A,20250101,2025,52,2025,97,,,M,,704,,,0,,,H6,HS,True,69,,,,C00,,0,0,,-1,,0,False,-1,,0,False,0,True,0,False,109782084.64,,109782084.64,4,False,True
C,A,20250101,2025,52,2025,97,,,M,,50,,,0,,,H6,HS,True,29,,,,C00,,0,0,,-1,,0,False,-1,,0,False,0,True,0,False,1343.686,,1343.686,4,False,True
C,A,20250101,2025,52,2025,97,,,M,,0,,,0,,,H6,HS,True,93,,,,C00,,0,0,,-1,,0,False,-1,,0,False,0,True,0,False,6809994659.82,,6809994659.82,4,False,True
C,A,20250101,2025,52,2025,97,,,M,,156,,,0,,,H6,HS,True,86,,,,C00,,0,0,,-1,,0,False,-1,,0,False,0,True,0,False,1163978756.012,,1163978756.012,4,False,True
C,A,20250101,2025,52,2025,97,,,M,,699,,,0,,,H6,HS,True,35,,,,C00,,0,0,,-1,,0,False,-1,,0,False,0,True,0,False,62360551.959,,62360551.959,4,False,True
C,A,20250101,2025,52,2025,97,,,M,,156,,,0,,,H6,HS,True,12,,,,C00,,0,0,,-1,,0,False,-1,,0,False,0,True,0,False,740666985.227,,740666985.227,4,False,True
C,A,20250101,2025,52,2025,97,,,M,,156,,,0,,,H6,HS,True,80,,,,C00,,0,0,,-1,,0,False,-1,,0,False,0,True,0,False,139420049.51,,139420049.51,4,False,True
C,A,20250101,2025,52,2025,97,,,M,,0,,,0,,,H6,HS,True,69,,,,C00,,0,0,,-1,,0,False,-1,,0,False,0,True,0,False,5447258328.151,,5447258328.151,4,False,True
C,A,20250101,2025,52,2025,97,,,M,,704,,,0,,,H6,HS,True,95,,,,C00,,0,0,,-1,,0,False,-1,,0,False,0,True,0,False,895290847.201,,895290847.201,4,False,True
C,A,20250101,2025,52,2025,97,,,M,,0,,,0,,,H6,HS,True,45,,,,C00,,0,0,,-1,,0,False,-1,,0,False,0,True,0,False,65401910.681,,65401910.681,4,False,True
C,A,20250101,2025,52,2025,97,,,M,,156,,,0,,,H6,HS,True,15,,,,C00,,0,0,,-1,,0,False,-1,,0,False,0,True,0,False,1197900145.475,,1197900145.475,4,False,True
C,A,20250101,2025,52,2025,97,,,M,,156,,,0,,,H6,HS,True,03,,,,C00,,0,0,,-1,,0,False,-1,,0,False,0,True,0,False,1392072318.023,,1392072318.023,4,False,True
C,A,20250101,2025,52,2025,97,,,M,,699,,,0,,,H6,HS,True,92,,,,C00,,0,0,,-1,,0,False,-1,,0,False,0,True,0,False,16700910.197,,16700910.197,4,False,True
C,A,20250101,2025,52,2025,97,,,M,,50,,,0,,,H6,HS,True,13,,,,C00,,0,0,,-1,,0,False,-1,,0,False,0,True,0,False,66.141,,66.141,4,False,True
C,A,20250101,2025,52,2025,97,,,M,,156,,,0,,,H6,HS,True,21,,,,C00,,0,0,,-1,,0,False,-1,,0,False,0,True,0,False,726875348.385,,726875348.385,4,False,True
C,A,20250101,2025,52,2025,97,,,M,,156,,,0,,,H6,HS,True,39,,,,C00,,0,0,,-1,,0,False,-1,,0,False,0,True,0,False,17759209276.357,,17759209276.357,4,False,True
C,A,20250101,2025,52,2025,97,,,M,,50,,,0,,,H6,HS,True,70,,,,C00,,0,0,,-1,,0,False,-1,,0,False,0,True,0,False,1182494.756,,1182494.756,4,False,True
C,A,20250101,2025,52,2025,97,,,M,,50,,,0,,,H6,HS,True,07,,,,C00,,0,0,,-1,,0,False,-1,,0,False,0,True,0,False,3011458.311,,3011458.311,4,False,True
C,A,20250101,2025,52,2025,97,,,M,,0,,,0,,,H6,HS,True,24,,,,C00,,0,0,,-1,,0,False,-1,,0,False,0,True,0,False,6111315363.295,,6111315363.295,4,False,True
C,A,20250101,2025,52,2025,97,,,M,,699,,,0,,,H6,HS,True,68,,,,C00,,0,0,,-1,,0,False,-1,,0,False,0,True,0,False,412950519.273,,412950519.273,4,False,True
C,A,20250101,2025,52,2025,97,,,M,,699,,,0,,,H6,HS,True,14,,,,C00,,0,0,,-1,,0,False,-1,,0,False,0,True,0,False,91521401.765,,91521401.765,4,False,True
C,A,20250101,2025,52,2025,97,,,M,,699,,,0,,,H6,HS,True,75,,,,C00,,0,0,,-1,,0,False,-1,,0,False,0,True,0,False,40191112.231,,40191112.231,4,False,True
C,A,20250101,2025,52,2025,97,,,M,,699,,,0,,,H6,HS,True,21,,,,C00,,0,0,,-1,,0,False,-1,,0,False,0,True,0,False,213007241.817,,213007241.817,4,False,True
C,A,20250101,2025,52,2025,97,,,M,,704,,,0,,,H6,HS,True,12,,,,C00,,0,0,,-1,,0,False,-1,,0,False,0,True,0,False,18891143.281,,18891143.281,4,False,True
C,A,20250101,2025,52,2025,97,,,M,,699,,,0,,,H6,HS,True,16,,,,C00,,0,0,,-1,,0,False,-1,,0,False,0,True,0,False,48737932.174,,48737932.174,4,False,True
C,A,20250101,2025,52,2025,97,,,M,,699,,,0,,,H6,HS,True,97,,,,C00,,0,0,,-1,,0,False,-1,,0,False,0,True,0,False,2708774.9,,2708774.9,4,False,True
C,A,20250101,2025,52,2025,97,,,M,,699,,,0,,,H6,HS,True,64,,,,C00,,0,0,,-1,,0,False,-1,,0,False,0,True,0,False,1227342441.656,,1227342441.656,4,False,True
C,A,20250101,2025,52,2025,97,,,M,,156,,,0,,,H6,HS,True,06,,,,C00,,0,0,,-1,,0,False,-1,,0,False,0,True,0,False,93987468.809,,93987468.809,4,False,True
C,A,20250101,2025,52,2025,97,,,M,,156,,,0,,,H6,HS,True,60,,,,C00,,0,0,,-1,,0,False,-1,,0,False,0,True,0,False,706431663.606,,706431663.606,4,False,True
C,A,20250101,2025,52,2025,97,,,M,,156,,,0,,,H6,HS,True,02,,,,C00,,0,0,,-1,,0,False,-1,,0,False,0,True,0,False,22828461.734,,22828461.734,4,False,True
C,A,20250101,2025,52,2025,97,,,M,,0,,,0,,,H6,HS,True,60,,,,C00,,0,0,,-1,,0,False,-1,,0,False,0,True,0,False,1596941200.565,,1596941200.565,4,False,True
C,A,20250101,2025,52,2025,97,,,M,,699,,,0,,,H6,HS,True,78,,,,C00,,0,0,,-1,,0,False,-1,,0,False,0,True,0,False,4508149.47,,4508149.47,4,False,True
C,A,20250101,2025,52,2025,97,,,M,,0,,,0,,,H6,HS,True,40,,,,C00,,0,0,,-1,,0,False,-1,,0,False,0,True,0,False,26457829062.538,,26457829062.538,4,False,True
C,A,20250101,2025,52,2025,97,,,M,,699,,,0,,,H6,HS,True,28,,,,C00,,0,0,,-1,,0,False,-1,,0,False,0,True,0,False,508481617.256,,508481617.256,4,False,True
C,A,20250101,2025,52,2025,97,,,M,,0,,,0,,,H6,HS,True,74,,,,C00,,0,0,,-1,,0,False,-1,,0,False,0,True,0,False,18628846680.594,,18628846680.594,4,False,True
C,A,20250101,2025,52,2025,97,,,M,,50,,,0,,,H6,HS,True,19,,,,C00,,0,0,,-1,,0,False,-1,,0,False,0,True,0,False,18283885.449,,18283885.449,4,False,True
C,A,20250101,2025,52,2025,97,,,M,,699,,,0,,,H6,HS,True,09,,,,C00,,0,0,,-1,,0,False,-1,,0,False,0,True,0,False,969360404.009,,969360404.009,4,False,True
C,A,20250101,2025,52,2025,97,,,M,,0,,,0,,,H6,HS,True,44,,,,C00,,0,0,,-1,,0,False,-1,,0,False,0,True,0,False,12157731116.666,,12157731116.666,4,False,True
C,A,20250101,2025,52,2025,97,,,M,,156,,,0,,,H6,HS,True,53,,,,C00,,0,0,,-1,,0,False,-1,,0,False,0,True,0,False,269073308.561,,269073308.561,4,False,True
C,A,20250101,2025,52,2025,97,,,M,,704,,,0,,,H6,HS,True,10,,,,C00,,0,0,,-1,,0,False,-1,,0,False,0,True,0,False,73301739.002,,73301739.002,4,False,True
C,A,20250101,2025,52,2025,97,,,M,,699,,,0,,,H6,HS,True,53,,,,C00,,0,0,,-1,,0,False,-1,,0,False,0,True,0,False,122510626.052,,122510626.052,4,False,True
C,A,20250101,2025,52,2025,97,,,M,,50,,,0,,,H6,HS,True,95,,,,C00,,0,0,,-1,,0,False,-1,,0,False,0,True,0,False,71965449.307,,71965449.307,4,False,True
C,A,20250101,2025,52,2025,97,,,M,,50,,,0,,,H6,HS,True,90,,,,C00,,0,0,,-1,,0,False,-1,,0,False,0,True,0,False,23205140.113,,23205140.113,4,False,True
C,A,20250101,2025,52,2025,97,,,M,,699,,,0,,,H6,HS,True,61,,,,C00,,0,0,,-1,,0,False,-1,,0,False,0,True,0,False,2634189468.782,,2634189468.782,4,False,True
C,A,20250101,2025,52,2025,97,,,M,,156,,,0,,,H6,HS,True,88,,,,C00,,0,0,,-1,,0,False,-1,,0,False,0,True,0,False,2810651445.991,,2810651445.991,4,False,True
C,A,20250101,2025,52,2025,97,,,M,,156,,,0,,,H6,HS,True,89,,,,C00,,0,0,,-1,,0,False,-1,,0,False,0,True,0,False,3047307525.855,,3047307525.855,4,False,True
C,A,20250101,2025,52,2025,97,,,M,,699,,,0,,,H6,HS,True,23,,,,C00,,0,0,,-1,,0,False,-1,,0,False,0,True,0,False,368884208.163,,368884208.163,4,False,True
C,A,20250101,2025,52,2025,97,,,M,,50,,,0,,,H6,HS,True,34,,,,C00,,0,0,,-1,,0,False,-1,,0,False,0,True,0,False,41641.496,,41641.496,4,False,True
C,A,20250101,2025,52,2025,97,,,M,,699,,,0,,,H6,HS,True,58,,,,C00,,0,0,,-1,,0,False,-1,,0,False,0,True,0,False,103644132.397,,103644132.397,4,False,True
C,A,20250101,2025,52,2025,97,,,M,,50,,,0,,,H6,HS,True,62,,,,C00,,0,0,,-1,,0,False,-1,,0,False,0,True,0,False,8662122211.799,,8662122211.799,4,False,True
C,A,20250101,2025,52,2025,97,,,M,,0,,,0,,,H6,HS,True,06,,,,C00,,0,0,,-1,,0,False,-1,,0,False,0,True,0,False,2502515088.205,,2502515088.205,4,False,True
C,A,20250101,2025,52,2025,97,,,M,,156,,,0,,,H6,HS,True,67,,,,C00,,0,0,,-1,,0,False,-1,,0,False,0,True,0,False,1129626398.172,,1129626398.172,4,False,True
C,A,20250101,2025,52,2025,97,,,M,,156,,,0,,,H6,HS,True,22,,,,C00,,0,0,,-1,,0,False,-1,,0,False,0,True,0,False,123113763.928,,123113763.928,4,False,True
C,A,20250101,2025,52,2025,97,,,M,,50,,,0,,,H6,HS,True,51,,,,C00,,0,0,,-1,,0,False,-1,,0,False,0,True,0,False,2662.045,,2662.045,4,False,True
C,A,20250101,2025,52,2025,97,,,M,,699,,,0,,,H6,HS,True,96,,,,C00,,0,0,,-1,,0,False,-1,,0,False,0,True,0,False,99344699.946,,99344699.946,4,False,True
C,A,20250101,2025,52,2025,97,,,M,,699,,,0,,,H6,HS,True,18,,,,C00,,0,0,,-1,,0,False,-1,,0,False,0,True,0,False,40523908.263,,40523908.263,4,False,True
C,A,20250101,2025,52,2025,97,,,M,,699,,,0,,,H6,HS,True,03,,,,C00,,0,0,,-1,,0,False,-1,,0,False,0,True,0,False,1161555781.68,,1161555781.68,4,False,True
C,A,20250101,2025,52,2025,97,,,M,,0,,,0,,,H6,HS,True,23,,,,C00,,0,0,,-1,,0,False,-1,,0,False,0,True,0,False,13397802703.439,,13397802703.439,4,False,True
C,A,20250101,2025,52,2025,97,,,M,,156,,,0,,,H6,HS,True,48,,,,C00,,0,0,,-1,,0,False,-1,,0,False,0,True,0,False,3750066460.53,,3750066460.53,4,False,True
C,A,20250101,2025,52,2025,97,,,M,,699,,,0,,,H6,HS,True,08,,,,C00,,0,0,,-1,,0,False,-1,,0,False,0,True,0,False,366483108.999,,366483108.999,4,False,True
C,A,20250101,2025,52,2025,97,,,M,,704,,,0,,,H6,HS,True,07,,,,C00,,0,0,,-1,,0,False,-1,,0,False,0,True,0,False,16907195.767,,16907195.767,4,False,True
C,A,20250101,2025,52,2025,97,,,M,,156,,,0,,,H6,HS,True,42,,,,C00,,0,0,,-1,,0,False,-1,,0,False,0,True,0,False,7199407676.633,,7199407676.633,4,False,True
C,A,20250101,2025,52,2025,97,,,M,,699,,,0,,,H6,HS,True,88,,,,C00,,0,0,,-1,,0,False,-1,,0,False,0,True,0,False,385107745.195,,385107745.195,4,False,True
C,A,20250101,2025,52,2025,97,,,M,,699,,,0,,,H6,HS,True,27,,,,C00,,0,0,,-1,,0,False,-1,,0,False,0,True,0,False,5713039428.351,,5713039428.351,4,False,True
C,A,20250101,2025,52,2025,97,,,M,,156,,,0,,,H6,HS,True,25,,,,C00,,0,0,,-1,,0,False,-1,,0,False,0,True,0,False,528223206.548,,528223206.548,4,False,True
C,A,20250101,2025,52,2025,97,,,M,,156,,,0,,,H6,HS,True,40,,,,C00,,0,0,,-1,,0,False,-1,,0,False,0,True,0,False,6959475785.715,,6959475785.715,4,False,True
C,A,20250101,2025,52,2025,97,,,M,,0,,,0,,,H6,HS,True,46,,,,C00,,0,0,,-1,,0,False,-1,,0,False,0,True,0,False,614411683.372,,614411683.372,4,False,True
C,A,20250101,2025,52,2025,97,,,M,,699,,,0,,,H6,HS,True,51,,,,C00,,0,0,,-1,,0,False,-1,,0,False,0,True,0,False,48082885.295,,48082885.295,4,False,True
C,A,20250101,2025,52,2025,97,,,M,,50,,,0,,,H6,HS,True,91,,,,C00,,0,0,,-1,,0,False,-1,,0,False,0,True,0,False,191415.93,,191415.93,4,False,True
C,A,20250101,2025,52,2025,97,,,M,,704,,,0,,,H6,HS,True,96,,,,C00,,0,0,,-1,,0,False,-1,,0,False,0,True,0,False,90592789.117,,90592789.117,4,False,True
C,A,20250101,2025,52,2025,97,,,M,,704,,,0,,,H6,HS,True,27,,,,C00,,0,0,,-1,,0,False,-1,,0,False,0,True,0,False,15837499.944,,15837499.944,4,False,True
C,A,20250101,2025,52,2025,97,,,M,,699,,,0,,,H6,HS,True,24,,,,C00,,0,0,,-1,,0,False,-1,,0,False,0,True,0,False,443225550.713,,443225550.713,4,False,True
C,A,20250101,2025,52,2025,97,,,M,,699,,,0,,,H6,HS,True,41,,,,C00,,0,0,,-1,,0,False,-1,,0,False,0,True,0,False,111429684.828,,111429684.828,4,False,True
C,A,20250101,2025,52,2025,97,,,M,,50,,,0,,,H6,HS,True,63,,,,C00,,0,0,,-1,,0,False,-1,,0,False,0,True,0,False,436311888.733,,436311888.733,4,False,True
C,A,20250101,2025,52,2025,97,,,M,,156,,,0,,,H6,HS,True,74,,,,C00,,0,0,,-1,,0,False,-1,,0,False,0,True,0,False,1613298240.642,,1613298240.642,4,False,True
C,A,20250101,2025,52,2025,97,,,M,,50,,,0,,,H6,HS,True,44,,,,C00,,0,0,,-1,,0,False,-1,,0,False,0,True,0,False,372129.196,,372129.196,4,False,True
C,A,20250101,2025,52,2025,97,,,M,,0,,,0,,,H6,HS,True,53,,,,C00,,0,0,,-1,,0,False,-1,,0,False,0,True,0,False,617534046.716,,617534046.716,4,False,True
C,A,20250101,2025,52,2025,97,,,M,,704,,,0,,,H6,HS,True,32,,,,C00,,0,0,,-1,,0,False,-1,,0,False,0,True,0,False,15185666.302,,15185666.302,4,False,True
C,A,20250101,2025,52,2025,97,,,M,,0,,,0,,,H6,HS,True,34,,,,C00,,0,0,,-1,,0,False,-1,,0,False,0,True,0,False,5822600167.408,,5822600167.408,4,False,True
C,A,20250101,2025,52,2025,97,,,M,,704,,,0,,,H6,HS,True,59,,,,C00,,0,0,,-1,,0,False,-1,,0,False,0,True,0,False,129774065.764,,129774065.764,4,False,True
C,A,20250101,2025,52,2025,97,,,M,,699,,,0,,,H6,HS,True,80,,,,C00,,0,0,,-1,,0,False,-1,,0,False,0,True,0,False,4259805.274,,4259805.274,4,False,True
C,A,20250101,2025,52,2025,97,,,M,,50,,,0,,,H6,HS,True,79,,,,C00,,0,0,,-1,,0,False,-1,,0,False,0,True,0,False,38321.735,,38321.735,4,False,True
C,A,20250101,2025,52,2025,97,,,M,,704,,,0,,,H6,HS,True,39,,,,C00,,0,0,,-1,,0,False,-1,,0,False,0,True,0,False,1461235357.339,,1461235357.339,4,False,True
C,A,20250101,2025,52,2025,97,,,M,,699,,,0,,,H6,HS,True,93,,,,C00,,0,0,,-1,,0,False,-1,,0,False,0,True,0,False,263169916.455,,263169916.455,4,False,True
C,A,20250101,2025,52,2025,97,,,M,,50,,,0,,,H6,HS,True,58,,,,C00,,0,0,,-1,,0,False,-1,,0,False,0,True,0,False,466261.486,,466261.486,4,False,True
C,A,20250101,2025,52,2025,97,,,M,,50,,,0,,,H6,HS,True,35,,,,C00,,0,0,,-1,,0,False,-1,,0,False,0,True,0,False,290.406,,290.406,4,False,True
C,A,20250101,2025,52,2025,97,,,M,,156,,,0,,,H6,HS,True,64,,,,C00,,0,0,,-1,,0,False,-1,,0,False,0,True,0,False,9336951976.952,,9336951976.952,4,False,True
C,A,20250101,2025,52,2025,
